product_name,current_price,original_price,discount_percentage,discount_amount,brand,category,product_type
LOGITECH 910-006765 LOGITECH M100R USB WIRED MOUSE BLK CARTON BOX 3Y,9.0,12.0,25.0,3.0,LOGITECH,Accessories,mouse
CANON GI-790 PBK BLACK INK BOTTLE,14.7,15.0,2.0,0.3000000000000007,CANON,Other,Other
CANON GI-790 C CYAN INK BOTTLE,14.7,15.0,2.0,0.3000000000000007,CANON,Other,Other
LOGITECH 910-005934 PICO UNIFYING RECEIVER [CARTON PACK] (1Y),14.0,16.0,12.5,2.0,LOGITECH,Other,Other
MORRIES MS-1228S DRY IRON,18.0,20.3,11.33,2.3000000000000007,MORRIES,Small Appliance,iron
ASUS TUF GAMING P1 GAMING MOUSEMAT TUF GAMING P1 GAMING MOUSEMAT,16.0,19.0,15.79,3.0,ASUS,Gaming,gaming
CORNELL CJKS10L CORDLESS KETTLE (1L),16.0,33.9,52.8,17.9,CORNELL,Kitchen Appliance,kettle
MASTERPLUG SWC62N-MPA 13A 6 GANG INDIVIDUAL SWITCH (2M),18.0,19.9,9.55,1.8999999999999986,MASTERPLUG,Networking,switch
SAMSUNG MUF-128AB/APC SAMSUNG FIT PLUS USB FLASH DRIVE - 128GB,27.0,40.0,32.5,13.0,SAMSUNG,Other,Other
MASTERPLUG SRGU42N-MPA 13A 4 GANG INDIVIDUAL W/SURGE (WHITE),21.0,22.9,8.3,1.8999999999999986,MASTERPLUG,Other,Other
ELECOM M-TM10DBPN WIRELESS FLAT SHAPE 4 BUTTON BLUE LED PN,28.5,29.9,4.68,1.3999999999999986,ELECOM,Other,Other
MASTERPLUG SRGU62N-MPA 13A 6 GANG INDIVIDUAL W/SURGE (WHITE),23.0,24.9,7.63,1.8999999999999986,MASTERPLUG,Other,Other
ELECOM MPA-CLL12BK TYPE C-LIGHTNING CABLE PD 1.2M L SHAPED ANTI BACTERIAL BLACK,21.41,24.9,14.02,3.4899999999999984,ELECOM,Accessories,cable
LOGITECH 981-0000587 STEREO HEADSET H151 (SINGLE 3.5MM JACK),22.0,25.0,12.0,3.0,LOGITECH,Accessories,headset
CORNELL CSIS1601S STEAM IRON (1600W),23.0,69.0,66.67,46.0,CORNELL,Small Appliance,iron
LOGITECH 956-000032 DESK MAT STUDIO SERIES - LAVENDER,24.0,39.0,38.46,15.0,LOGITECH,Furniture,desk
LOGITECH 956-000045 DESK MAT STUDIO SERIES - DARKER ROSE,24.0,39.0,38.46,15.0,LOGITECH,Furniture,desk
LOGITECH 956-000046 DESK MAT STUDIO SERIES - MID GREY,24.0,39.0,38.46,15.0,LOGITECH,Furniture,desk
MASTERPLUG SRGLSU43PW-MPA 13A 4 GANG IND W/SURGE AND USB (3M),28.0,34.9,19.77,6.899999999999999,MASTERPLUG,Other,Other
JISULIFE LIFE9-3600 BLACK HANDHELD FAN LIFE9 (3600MAH),27.0,30.9,12.62,3.8999999999999986,JISULIFE,Small Appliance,fan
CORNELL CJKE150SSW CORDLESS KETTLE 1.5L (WHITE),28.0,79.0,64.56,51.0,CORNELL,Kitchen Appliance,kettle
LOGITECH G203 LIGHTSYNC RGB WIRED MOUSE BLACK (2Y),30.0,32.9,8.81,2.8999999999999986,LOGITECH,Accessories,mouse
LOGITECH G203 LIGHTSYNC RGB WIRED MOUSE WHITE (2Y),28.0,32.9,14.89,4.899999999999999,LOGITECH,Accessories,mouse
CANON CLI-781 Y XL YELLOW XL INKJET CARTRIDGES,34.69,36.0,3.64,1.3100000000000023,CANON,Printer,inkjet
LOGITECH 940-000112 GAMEPAD F310,30.0,35.0,14.29,5.0,LOGITECH,Other,Other
LOGITECH 910-006986 PEBBLE MOUSE 2 M350S - TONAL WHITE,35.0,49.0,28.57,14.0,LOGITECH,Accessories,mouse
LOGITECH 910-006987 PEBBLE MOUSE 2 M350S - TONAL ROSE,35.0,49.0,28.57,14.0,LOGITECH,Accessories,mouse
CORNELL CJKP182SSB CORDLESS KETTLE 1.8L (BLACK),34.0,89.0,61.8,55.0,CORNELL,Kitchen Appliance,kettle
MORRIES MS-312TF 12 INCH TABLE FAN,31.0,38.6,19.69,7.600000000000001,MORRIES,Small Appliance,fan
MISTRAL ELECTRIC TABLE FAN (12 INCH) MTF1217SE (WINTER GREY),39.0,49.0,20.41,10.0,MISTRAL,Small Appliance,fan
MKE170M2ADKH 1.7L KETTLE (BLACK COLOR),36.0,49.0,26.53,13.0,MKE170M2ADKH,Kitchen Appliance,kettle
MIDEA MFT060M0APBH 6 INCH AIR CIRCULATION FAN,36.0,49.0,26.53,13.0,MIDEA,Small Appliance,fan
KENWOOD CH180 CHOPPER,38.0,39.9,4.76,1.8999999999999986,KENWOOD,Kitchen Appliance,chopper
RAZER RZ02-03820200-R3M1 HARD GAMING MOUSE MAT -  LARGE SPHEX V3,34.0,39.9,14.79,5.899999999999999,RAZER,Gaming,gaming
INNERGIE ADP-65DW DZDA 65W LAPTOP ADAPTOR FOR DELL,36.0,39.9,9.77,3.8999999999999986,INNERGIE,Laptop,laptop
INNERGIE ADP-65DW DZDC 65W LAPTOP ADAPTOR FOR LENOVO,36.0,39.9,9.77,3.8999999999999986,INNERGIE,Laptop,laptop
SONY WI-C100/BZE WIRELESS IN-EAR HEADPHONES (BLACK),38.4,80.0,52.0,41.6,SONY,Smartphone,Other
SONY WI-C100/WZE WIRELESS IN-EAR HEADPHONES (WHITE),38.4,80.0,52.0,41.6,SONY,Smartphone,Other
TARGUS APS1101AP-50 TARGUS SMART SURGE 6 WITH 4 USB PORTS (UK),37.0,40.3,8.19,3.299999999999997,TARGUS,Other,Other
CANON PGI-2700PBK INK CARTRIDGE BLACK,41.0,42.0,2.38,1.0,CANON,Other,Other
METROID PRIME REMASTERED FOR NINTENDO SWITCH,40.0,45.9,12.85,5.899999999999999,METROID,Gaming,nintendo
SONY PCAS-05049 PS4 -DISSIDIA FINAL FANTASY NT,18.0,41.9,57.04,23.9,SONY,Gaming,ps4
STRYV SVMSBDO2-01 MULTI SHAVE,63.0,139.0,54.68,76.0,STRYV,Other,Other
MASTERPLUG CMU10134SL-PX 13A 4 SOCKET CASSETTE REEL (10M),41.0,44.9,8.69,3.8999999999999986,MASTERPLUG,Other,Other
STEELSERIES QCK EDGE LARGE GAMING CLOTH,35.0,45.0,22.22,10.0,STEELSERIES,Gaming,gaming
IGLOOHOME IEF1 KEY FOB,43.65,45.0,3.0,1.3500000000000014,IGLOOHOME,Other,Other
MISTRAL ELECTRIC TABLE FAN (16 INCH) MTF1617SE (WINTER GREY),45.0,59.0,23.73,14.0,MISTRAL,Small Appliance,fan
SONA SIC8612 MULTI-FUNCTION INDUCTION COOKER,63.0,109.0,42.2,46.0,SONA,Kitchen Appliance,induction cooker
SONA T24 PERSONAL AND TRAVELER KETTLE (0.5L),43.0,59.0,27.12,16.0,SONA,Kitchen Appliance,kettle
PHILIPS STH3010/30 3000 SERIES HANDHELD STEAMER,47.0,79.0,40.51,32.0,PHILIPS,Small Appliance,steamer
LOGITECH 920-006314 MK270R WIRELESS COMBO,46.0,49.0,6.12,3.0,LOGITECH,Washing Machine,combo
IWALK DBL10000M-001A BLACK iWalk Link me 10000 MAGSAFE,29.0,99.0,70.71,70.0,IWALK,Other,Other
KENWOOD BLP10.A0WH BLENDER (2L),41.0,49.9,17.84,8.899999999999999,KENWOOD,Kitchen Appliance,blender
BRAUN WK1100BK BREAKFAST1 COFFEE MAKER BLACK,41.0,49.9,17.84,8.899999999999999,BRAUN,Kitchen Appliance,coffee
XIAOMI BHR7278GL LCD WRITING TABLET 13.5IN (COLOR EDITION),19.0,49.9,61.92,30.9,XIAOMI,Monitor,lcd
MORRIES VF-12 12 INCH VELOCITY FAN,47.0,56.1,16.22,9.100000000000001,MORRIES,Small Appliance,fan
POWERA 1518605-02 NSW ENWIRED CONTROLLER MARIO PUNCH,49.0,50.4,2.78,1.3999999999999986,POWERA,Gaming,controller
TARGUS APS2001AP-50 TARGUS SMART SURGE 6 WITH 4 USB PORTS (UK),47.0,50.4,6.75,3.3999999999999986,TARGUS,Other,Other
JISULIFE FA53 WHITE HANDHELD FAN PRO1(ABS VERSION),44.0,51.9,15.22,7.899999999999999,JISULIFE,Small Appliance,fan
MORRIES MS-535SFT 16 INCH STAND FAN W/TIMER,51.0,60.2,15.28,9.200000000000003,MORRIES,Small Appliance,fan
LOGITECH K380S PEBBLE KEYS 2 (TONAL ROSE),47.0,65.0,27.69,18.0,LOGITECH,Other,Other
LOGITECH K380S PEBBLE KEYS 2 (TONAL WHITE),47.0,65.0,27.69,18.0,LOGITECH,Other,Other
SAMSUNG MB-MJ256KA/APC ENDURANCE PRO 256GB MICROSD CARD,63.36,69.0,8.17,5.640000000000001,SAMSUNG,Storage,microsd
MAYER MMAP406 ELECTRIC AIRPOT (4L),51.0,69.0,26.09,18.0,MAYER,Other,Other
TEFAL KO2601 SAFE TEA KETTLE 1.7L,55.0,99.0,44.44,44.0,TEFAL,Kitchen Appliance,kettle
CORNELL CVCE59CHC WIRED CYCLONE HANDHELD VACUUM,57.0,159.0,64.15,102.0,CORNELL,Small Appliance,vacuum
PHILIPS STH3020/16 HANDHELD STEAMER,57.0,79.0,27.85,22.0,PHILIPS,Small Appliance,steamer
LOGITECH 981-001287 LOGITECH H390 USB STEREO HEADSET OFF-WHITE (2Y),49.0,65.0,24.62,16.0,LOGITECH,Accessories,headset
LOGITECH 981-001282 LOGITECH H390 USB STEREO HEADSET ROSE (2Y),49.0,65.0,24.62,16.0,LOGITECH,Accessories,headset
LOGITECH 981-000485 H390 USB HEADSET,49.0,65.0,24.62,16.0,LOGITECH,Accessories,headset
MIDEA MS1608W 16 INCH STAND FAN,58.0,69.0,15.94,11.0,MIDEA,Small Appliance,fan
PANASONIC MXSS1BSP HAND BLENDER (0.7L),53.0,79.9,33.67,26.900000000000006,PANASONIC,Kitchen Appliance,blender
MAYER MMEK1800PN ELECTRIC KETTLE (1.8L) (PEACH),58.0,89.0,34.83,31.0,MAYER,Kitchen Appliance,kettle
MAYER MMEK1800SF ELECTRIC KETTLE (1.8L) (GREEN),58.0,89.0,34.83,31.0,MAYER,Kitchen Appliance,kettle
MAYER MMEK1500D 1.5L DIGITAL KETTLE,56.0,139.0,59.71,83.0,MAYER,Kitchen Appliance,kettle
POKEMON SCARLET FOR NINTENDO SWITCH,58.0,65.9,11.99,7.900000000000006,POKEMON,Gaming,nintendo
KIRBY'S RETURN TO DREAM LAND DELUXE FOR NINTENDO SWITCH,58.0,65.9,11.99,7.900000000000006,KIRBY'S,Gaming,nintendo
SUPER MARIO ODYSSEY FOR NINTENDO SWITCH,58.0,65.9,11.99,7.900000000000006,SUPER,Gaming,nintendo
SUPER SMASH BROS ULTIMATE FOR NINTENDO SWITCH,54.0,65.9,18.06,11.900000000000006,SUPER,Gaming,nintendo
NEW SUPER MARIO BROS.™ U DELUXE FOR NINTENDO SWITCH,58.0,65.9,11.99,7.900000000000006,NEW,Gaming,nintendo
SUPER SMASH BROS ULTIMATE FOR NINTENDO SWITCH,54.0,65.9,18.06,11.900000000000006,SUPER,Gaming,nintendo
NEW SUPER MARIO BROS.™ U DELUXE FOR NINTENDO SWITCH,58.0,65.9,11.99,7.900000000000006,NEW,Gaming,nintendo
YOSHI'S CRAFTED WORLD FOR NINTENDO SWITCH,56.0,65.9,15.02,9.900000000000006,YOSHI'S,Gaming,nintendo
"POKEMON: LET'S GO, EEVEE! FOR NINTENDO SWITCH",57.0,65.9,13.51,8.900000000000006,POKEMON:,Gaming,nintendo
DONKEY KONG COUNTRY: TROPICAL FREEZE FOR NINTENDO SWITCH,58.0,65.9,11.99,7.900000000000006,DONKEY,Gaming,nintendo
"POKEMON: LET'S GO, PIKACHU! FOR NINTENDO SWITCH",57.0,65.9,13.51,8.900000000000006,POKEMON:,Gaming,nintendo
NINTENDO NTD-HAC-P-BANRA-MSE LUIGI'S MANSION 2 HD,58.0,79.9,27.41,21.900000000000006,NINTENDO,Gaming,nintendo
SONA WALL FAN WITH REMOTE (12 INCH) SFW 1503 (BLACK) - INSTALLATION CHARGES APPLIES,56.0,79.9,29.91,23.900000000000006,SONA,Small Appliance,fan
SONA SFS 6401 16 INCH 3 IN 1 STAND FAN,58.0,79.0,26.58,21.0,SONA,Small Appliance,fan
MORRIES MS-333WFR 16 INCH WALL FAN W/REMOTE,58.0,67.2,13.69,9.200000000000003,MORRIES,Small Appliance,fan
INNERGIE ADP-90NE BDA T9 90W LAPTOP ADAPTER,55.0,59.9,8.18,4.899999999999999,INNERGIE,Laptop,laptop
ORAL-B D100 4132KX FZN PRO 100 FROZEN TOOTHBRUSH,58.0,80.9,28.31,22.900000000000006,ORAL-B,Other,Other
PRESTIGE 20980 CLASSIQUE 30CM COVERED STIRFRY,59.0,86.0,31.4,27.0,PRESTIGE,Other,Other
MORRIES VF-16 16 INCH VELOCITY FAN,58.0,70.4,17.61,12.400000000000006,MORRIES,Small Appliance,fan
TAPO C225 Pan/Tilt AI Home Security Wi-Fi Camera,58.0,69.0,15.94,11.0,TAPO,Camera,camera
RAZER RZ01-03730100-R3A1 OROCHI V2 WIRELESS GAMING MOUSE,58.0,104.9,44.71,46.900000000000006,RAZER,Gaming,gaming
"CUISINART 400CA-GR-TKYP ACCS, TAKOYAKI PLATE WITH 19 HOLES",60.5,82.0,26.22,21.5,CUISINART,Other,Other
MAYER MMIC1619 (RED) INDUCTION COOKER 1600W,54.0,89.0,39.33,35.0,MAYER,Kitchen Appliance,induction cooker
THE LEGEND OF ZELDA: TEARS OF THE KINGDOM FOR NINTENDO SWITCH,64.0,72.5,11.72,8.5,THE,Gaming,nintendo
MISTRAL STAND FAN WITH REMOTE (16 INCH) MSF041R (BLACK),63.0,109.0,42.2,46.0,MISTRAL,Small Appliance,fan
SONA ELECTRIC POWER DESK FAN (10 INCH) SPO 600 (BLACK),64.0,85.9,25.49,21.900000000000006,SONA,Small Appliance,fan
MAYER MMIC2110 INDUCTION COOKER (2100W) - BLACK,63.0,108.0,41.67,45.0,MAYER,Kitchen Appliance,induction cooker
SONA WALL FAN WITH REMOTE (16 INCH) SFW 1527 (BLACK) - INSTALLATION CHARGES APPLIES,61.0,89.9,32.15,28.900000000000006,SONA,Small Appliance,fan
CORNELL CAFE16L AIR FRYER OVEN 16L,48.0,159.0,69.81,111.0,CORNELL,Kitchen Appliance,oven
CORNELL CEOS30BK ELECTRIC OVEN 30L,58.0,169.0,65.68,111.0,CORNELL,Kitchen Appliance,oven
LOGITECH 988-000553 LOGI YETI ORB RGB GAMING MICROPHONE - BLACK 2Y,65.0,89.0,26.97,24.0,LOGITECH,Gaming,gaming
MISTRAL METAL SLIDE FAN (14 INCH) MLF14MB (BRONZE),66.0,118.0,44.07,52.0,MISTRAL,Small Appliance,fan
SONA SFS 1159 16 IN REMOTE STAND FAN,65.0,89.0,26.97,24.0,SONA,Small Appliance,fan
LOGITECH 910-006521 R500S WIRELESS BT PRESENTER GRAPHITE (1Y),65.0,69.0,5.8,4.0,LOGITECH,Other,Other
ELECOM BLUETOOTH 5 BUTTON SANTI BACTERIAL SILENT BLUE (M SZ),66.7,69.9,4.58,3.200000000000003,ELECOM,Audio,bluetooth
KDK VENTILATING FAN 8 WATT CORD-OPERATED SHUTTERS 15WUD,67.0,72.0,6.94,5.0,KDK,Small Appliance,fan
LOGITECH 920-007165 BLACK WIRELESS TOUCH KEYBOARD K400 PLUS - BLACK,68.0,74.0,8.11,6.0,LOGITECH,Accessories,keyboard
LOGITECH 943-000717 G840 XL MAGENTA GAMING MOUSE PAD,66.0,74.9,11.88,8.900000000000006,LOGITECH,Gaming,gaming
LOGITECH G413 SE MECH KEYBOARD (TACTILE) 2Y,82.0,119.0,31.09,37.0,LOGITECH,Accessories,keyboard
LOGITECH 920-010987 LOGI SIGNATURE K650 WIRELESS KEYBOARD OFFWHITE 1Y,73.0,75.0,2.67,2.0,LOGITECH,Accessories,keyboard
JISULIFE FA53PRO BROWN HANDHELD FAN PRO1 S METAL,69.0,76.9,10.27,7.900000000000006,JISULIFE,Small Appliance,fan
JISULIFE FA53PRO GREY HANDHELD FAN PRO1 S METAL,69.0,76.9,10.27,7.900000000000006,JISULIFE,Small Appliance,fan
SONA REMOTE WALL FAN (16 INCH) SFW 1528 (BLACK) - INSTALLATION CHARGES APPLIES,72.0,99.9,27.93,27.900000000000006,SONA,Small Appliance,fan
MIDEA MIC220TPAGBH INDUCTION COOKER 2200W,74.0,99.0,25.25,25.0,MIDEA,Kitchen Appliance,induction cooker
LOGITECH G435 WIRELESS GAMING HEADSET WHITE,70.0,115.0,39.13,45.0,LOGITECH,Gaming,gaming
LOGITECH G435 WIRELESS GAMING HEADSET BLUE,68.0,115.0,40.87,47.0,LOGITECH,Gaming,gaming
TEFAL BL4271 BLENDER BLENDFORCE 2 PLASTIC 1 ACCESSORY,78.0,79.9,2.38,1.9000000000000057,TEFAL,Kitchen Appliance,blender
TEFAL ZE3708 JUICER EXTRACTOR FRUTELIA PLUS (350W),72.0,91.0,20.88,19.0,TEFAL,Kitchen Appliance,juicer
KENWOOD HMP30.A0WH HAND MIXER,69.0,79.9,13.64,10.900000000000006,KENWOOD,Kitchen Appliance,mixer
KENWOOD MO280 OVEN TOASTERS (10L),66.0,79.9,17.4,13.900000000000006,KENWOOD,Kitchen Appliance,oven
KENWOOD ZJM02.A0WH COOL TOUCH KETTLE (0.8L),66.0,79.9,17.4,13.900000000000006,KENWOOD,Kitchen Appliance,kettle
BRAUN WK1500.BK PURSHINE WATER KETTLE,66.0,79.9,17.4,13.900000000000006,BRAUN,Kitchen Appliance,kettle
LOGITECH 910-006148 G502 X WIRED GAMING MOUSE WHITE,70.0,121.0,42.15,51.0,LOGITECH,Gaming,gaming
CORNELL CMOS202WH BASIC MICROWAVE (20L) - WHITE,78.0,169.0,53.85,91.0,CORNELL,Kitchen Appliance,microwave
CORNELL CMOS202BK BASIC MICROWAVE (20L) - BLACK,78.0,169.0,53.85,91.0,CORNELL,Kitchen Appliance,microwave
LOGITECH 920-012190 PEBBLE 2 COMBO - TONAL BLUE (1Y),67.0,89.0,24.72,22.0,LOGITECH,Washing Machine,combo
LOGITECH 920-012191 PEBBLE 2 COMBO - TONAL SAND (1Y),67.0,89.0,24.72,22.0,LOGITECH,Washing Machine,combo
SEVERIN JG 3520 YOGURT MARKER - 14 GLASS,72.0,89.0,19.1,17.0,SEVERIN,Other,Other
LOGITECH 960-001437 LOGITECH BRIO 300 FULL HD WEBCAM - GRAPHITE (IY),66.0,99.0,33.33,33.0,LOGITECH,Camera,webcam
LOGITECH 960-001449 LOGITECH BRIO 300 FULL HD WEBCAM - ROSE (IY),66.0,99.0,33.33,33.0,LOGITECH,Camera,webcam
GOPRO PRO 3.5MM MIC ADAPTER,83.0,85.0,2.35,2.0,GOPRO,Camera,gopro
MAYER MMCC317 CERAMIC STOVE INDUCTION COOKER,84.0,109.0,22.94,25.0,MAYER,Kitchen Appliance,stove
MISTRAL HIGH VELOCITY FAN TURBINE BLADE (8 INCH) MHV800R (WHITE),83.0,128.0,35.16,45.0,MISTRAL,Small Appliance,fan
SONA OSCILLATOR DESK FAN 80W (16 INCH) SOF 6054 (GREY),79.0,105.0,24.76,26.0,SONA,Small Appliance,fan
NINJA BC151SMNV BLAST DENIM BLUE,78.0,99.0,21.21,21.0,NINJA,Other,Other
NINJA BC151SMBK BLAST BLACK,88.0,99.0,11.11,11.0,NINJA,Other,Other
ELECTROLUX E5CM1-80ST COFFEE MACHINE (1.25L),81.0,159.0,49.06,78.0,ELECTROLUX,Kitchen Appliance,coffee
SONA SAP909 AIRPOT (8L),97.0,129.0,24.81,32.0,SONA,Other,Other
SONY WH-CH520/BZE BLUETOOTH WIRELESS HEADPHONES (BLACK),78.0,139.0,43.88,61.0,SONY,Audio,bluetooth
SONY WH-CH520/WZE BLUETOOTH WIRELESS HEADPHONES (WHITE),78.0,139.0,43.88,61.0,SONY,Audio,bluetooth
SONY WH-CH520/CZE BLUETOOTH WIRELESS HEADPHONES (CREAM),78.0,139.0,43.88,61.0,SONY,Audio,bluetooth
MIDEA MS1623BR 16 INCH STAND FAN (RC),88.0,99.0,11.11,11.0,MIDEA,Small Appliance,fan
INNERGIE ADP-180TB FZD 180W GAMING LAPTOP ADAPTER,84.0,89.9,6.56,5.900000000000006,INNERGIE,Laptop,laptop
NOVITA NP120R BUNDLE WATER PITCHER RED HYDROPURE + FILTER PACK,88.0,120.0,26.67,32.0,NOVITA,Other,Other
POWERA 1518380-02 NSW ENWL CONTROLLER ZELDA MIDNIGHT,89.0,90.7,1.87,1.7000000000000028,POWERA,Gaming,controller
SONA OSCILLATOR DESK FAN 90W (18 INCH) SOF 6056 (GREY),91.0,119.0,23.53,28.0,SONA,Small Appliance,fan
PHILIPS HR2765/00 5000 SERIES BLENDER,83.0,169.0,50.89,86.0,PHILIPS,Kitchen Appliance,blender
SONA SHG2722 “YUAN YANG” STEAM BOAT & GRILL,97.0,139.0,30.22,42.0,SONA,Other,Other
SONA SAP919 NON STICK COATED AIRPOT (4L),88.0,139.0,36.69,51.0,SONA,Other,Other
DELONGHI KBO2001.R ICONA CLASSIC RED KETTLE,83.0,99.0,16.16,16.0,DELONGHI,Kitchen Appliance,kettle
DELONGHI KBO2001.B ICONA CLASSIC BLUE KETTLE,83.0,99.0,16.16,16.0,DELONGHI,Kitchen Appliance,kettle
PHILIPS DST5040/86 AZUR STEAM IRON,83.0,105.0,20.95,22.0,PHILIPS,Small Appliance,iron
STEELSERIES ARCTIS NOVA 1 WHITE OVER EAR WIRED HEADSET,104.0,133.0,21.8,29.0,STEELSERIES,Accessories,headset
SONA STC 1319DC 8IN REMOTE HIGH VELOCITY FAN,92.0,159.0,42.14,67.0,SONA,Small Appliance,fan
MIDEA MFS070R0APBH 7 INCH AIR CIRCULATION FAN,88.0,109.0,19.27,21.0,MIDEA,Small Appliance,fan
SONA SFS 1182DC 16IN 3-IN-1 REMOTE DC STAND FAN,98.0,159.0,38.36,61.0,SONA,Small Appliance,fan
LOGITECH 920-009182 MK470 WIRELESS SLIM COMBO (GRAPHITE),94.0,99.0,5.05,5.0,LOGITECH,Washing Machine,combo
LOGITECH 920-009183 MK470 WIRELESS SLIM COMBO (OFF WHITE),94.0,99.0,5.05,5.0,LOGITECH,Washing Machine,combo
LOGITECH WAVE KEYS ERGONOMIC WIRELESS KB OFFWHITE,88.0,119.0,26.05,31.0,LOGITECH,Other,Other
LOGITECH WAVE KEYS ERGONOMIC WIRELESS KB GRAPHITE,82.0,119.0,31.09,37.0,LOGITECH,Other,Other
MAYER MMNB1000 BLENDER (1L),97.0,138.0,29.71,41.0,MAYER,Kitchen Appliance,blender
KENWOOD CHP80.000SI DUO PREP 2-IN-1 CHOPPER/GRINDER - SILVER,86.0,99.9,13.91,13.900000000000006,KENWOOD,Kitchen Appliance,grinder
SHARP R-20A0(S)V BASIC MICROWAVE (20L),97.0,106.0,8.49,9.0,SHARP,Kitchen Appliance,microwave
JISULIFE FA55 BROWN HANDHELD FAN ULTRA1(FA55),95.0,104.9,9.44,9.900000000000006,JISULIFE,Small Appliance,fan
JISULIFE FA55 GREY HANDHELD FAN ULTRA1(FA55),95.0,104.9,9.44,9.900000000000006,JISULIFE,Small Appliance,fan
TOSHIBA IC-20R1TSG INDUCTION COOKER 2000W,98.0,129.0,24.03,31.0,TOSHIBA,Kitchen Appliance,induction cooker
MAYER MMMW20 BASIC MICROWAVE (20L),105.0,299.0,64.88,194.0,MAYER,Kitchen Appliance,microwave
ELECTROLUX Z1220 VACUUM CLEANER (1600W) COMPACTGO,98.0,159.0,38.36,61.0,ELECTROLUX,Small Appliance,vacuum
SONA OSCILLATOR STAND FAN 90W (18 INCH) SOF 6067 (GREY),98.0,129.0,24.03,31.0,SONA,Small Appliance,fan
USMILE Y10 - BLACK SUPERCLEA SMART ELECTRIC TOOTHBRUSH - BLACK,85.0,209.0,59.33,124.0,USMILE,Other,Other
CORNELL CMWE2700WH BASIC MICROWAVE (20L)  - WHITE,98.0,199.0,50.75,101.0,CORNELL,Kitchen Appliance,microwave
KDK STAND FAN (12 INCH) PL30H (BLUE),107.0,111.0,3.6,4.0,KDK,Small Appliance,fan
KDK STAND FAN (12 INCH) PL30H (BLACK),102.0,111.0,8.11,9.0,KDK,Small Appliance,fan
ZOJIRUSHI VRKE30E 3.0L AIRPOT,106.0,141.0,24.82,35.0,ZOJIRUSHI,Other,Other
BRAUN S3 300BT SERIES 3 SHAVE & STYLE - BLACK,98.0,159.0,38.36,61.0,BRAUN,Other,Other
PHILIPS HR2223/01 BLENDER (2L),97.0,149.0,34.9,52.0,PHILIPS,Kitchen Appliance,blender
"CUISINART 400CA-SPI-50 ACCS, SPIRALIZER/SLICER ATTACHMENT",104.3,145.9,28.51,41.60000000000001,CUISINART,Kitchen Appliance,slicer
KDK STAND FAN (16 INCH) P40US (CHAMPAGNE),113.0,128.0,11.72,15.0,KDK,Small Appliance,fan
KDK STAND FAN (16 INCH) P40US (WHITE),107.0,128.0,16.41,21.0,KDK,Small Appliance,fan
MIDEA AM823ABV BASIC MICROWAVE (23L),112.0,139.0,19.42,27.0,MIDEA,Kitchen Appliance,microwave
MARSHALL MODE EQ WIRED IN EAR EARPHONES (BLACK AND BRASS),113.0,119.0,5.04,6.0,MARSHALL,Smartphone,Other
984-001902 ULTIMATE EARS WONDERBOOM 4 - HYPER PINK,108.0,139.0,22.3,31.0,984-001902,Other,Other
984-001901 ULTIMATE EARS WONDERBOOM 4 - COBALT BLUE,108.0,139.0,22.3,31.0,984-001901,Other,Other
CREATIVE 51MF1705AA000 T60,59.0,119.0,50.42,60.0,CREATIVE,Other,Other
BELKIN WIZ019btBK BELKIN MAGSAFE 2-IN-1 WIRELESS FLAT CHARGE PAD BLK,79.0,139.0,43.17,60.0,BELKIN,Other,Other
MISTRAL WALL FAN WITH REMOTE (16 INCH) MWF1608R - INSTALLATION CHARGES APPLIES,118.0,168.0,29.76,50.0,MISTRAL,Small Appliance,fan
LOGITECH G512 CARBON RGB KB GX-RED LINEAR (2Y),108.0,159.0,32.08,51.0,LOGITECH,Other,Other
TOSHIBA MW3-EM20PE(BK)  BASIC MICROWAVE (20L),127.0,129.0,1.55,2.0,TOSHIBA,Kitchen Appliance,microwave
DELONGHI KG89 COFFEE GRINDER,125.0,129.0,3.1,4.0,DELONGHI,Kitchen Appliance,coffee
LOGITECH 981-001220 ZONE VIBE 100 WL BT HEADSET OFF WHITE,108.0,159.0,32.08,51.0,LOGITECH,Accessories,headset
LOGITECH 981-001215 ZONE VIBE 100 WL BT HEADSET GRAPHITE,108.0,159.0,32.08,51.0,LOGITECH,Accessories,headset
LOGITECH 981-001225 ZONE VIBE 100 WL BT HEADSET ROSE,108.0,159.0,32.08,51.0,LOGITECH,Accessories,headset
NOTHING NOTHING B162 EAR (A) - BLK TRUE WIRELESS EARBUDS - BLACK,118.0,159.0,25.79,41.0,NOTHING,Audio,earbuds
STEELSERIES ARCTIS NOVA 1P BLACK WIRED HEADSET FOR PLAYSTATION,104.0,139.0,25.18,35.0,STEELSERIES,Gaming,playstation
KDK TG3BL1 INSTANT WATER HEATER (ANALOGUE),110.0,139.0,20.86,29.0,KDK,Small Appliance,heater
KDK TG3BL1 INSTANT WATER HEATER (ANALOGUE),110.0,139.0,20.86,29.0,KDK,Small Appliance,heater
MISTRAL WALL FAN WITH REMOTE (18 INCH) MWF1870R - INSTALLATION CHARGES APPLIES,128.0,188.0,31.91,60.0,MISTRAL,Small Appliance,fan
MAZER M-GAN140W-BK PD3.1-140W PD&QC4 + USB-CX3 + USB-AX1 3 PLUGS WORLD TRAVEL - BLACK,115.0,159.9,28.08,44.900000000000006,MAZER,Other,Other
"PANASONIC MX-MG53C1CSP PANASONIC BLENDER ROTATION 11,000RPM",126.0,149.0,15.44,23.0,PANASONIC,Kitchen Appliance,blender
LOGITECH G PRO X SUPERLIGHT GAMING MOUSE MAGENTA,142.0,189.0,24.87,47.0,LOGITECH,Gaming,gaming
MISTRAL STAND FAN WITH REMOTE CONTROL (18 INCH) MSF1800R (BLACK),129.0,199.0,35.18,70.0,MISTRAL,Small Appliance,fan
PHILIPS HR2767/00 5000 SERIES BLENDER,117.0,199.0,41.21,82.0,PHILIPS,Kitchen Appliance,blender
TEFAL FV6820 STEAM IRON ULTRAGLISS PLUS (RED),97.0,169.0,42.6,72.0,TEFAL,Small Appliance,iron
SONA POWER STAND FAN (18 INCH) SSO 6518P (BLACK),128.0,149.0,14.09,21.0,SONA,Small Appliance,fan
MISTRAL TOWER FAN WITH REMOTE (40 INCH) MFD4000R (BLACK & WHITE),118.0,238.0,50.42,120.0,MISTRAL,Desktop,tower
SHARP R-62E0(S) MICROWAVE WITH GRILL (20L),136.0,148.0,8.11,12.0,SHARP,Kitchen Appliance,microwave
LOGITECH G733 WIRELESS RGB GAMING HS LILAC (2Y),125.0,179.0,30.17,54.0,LOGITECH,Gaming,gaming
LOGITECH G733 WIRELESS RGB GAMING HS WHITE (2Y),125.0,179.0,30.17,54.0,LOGITECH,Gaming,gaming
CORNELL EC308 INSTANT WATER HEATER - POLYMER TANK-ELCB,121.0,259.0,53.28,138.0,CORNELL,Small Appliance,heater
UGREEN 25878 NEXODE PRO X763 160W PD FAST GAN CHARGER (3C1A) WITH 100W USB-C TO USB-C CABLE,130.0,145.9,10.9,15.900000000000006,UGREEN,Accessories,charger
HUAWEI WATCH FIT 3 GREEN FLUOROELASTOMER STRAP,157.0,168.0,6.55,11.0,HUAWEI,Wearable,watch
ACER A10-21-A5A5 ICONIA TAB A10 10.1IN HD (SILVER),116.0,248.0,53.23,132.0,ACER,Other,Other
MIDEA MMO-EG925MX GRILL MICROWAVE OVEN 25L,141.0,169.0,16.57,28.0,MIDEA,Kitchen Appliance,microwave
SONA REMOTE POWER STAND FAN 100W (18 INCH) SSOR 6073 (BLACK),138.0,169.0,18.34,31.0,SONA,Small Appliance,fan
LOGITECH 960-001429 BRIO 500 FULL HD WEBCAM - OFF WHITE,130.0,199.0,34.67,69.0,LOGITECH,Camera,webcam
LOGITECH 960-001423 BRIO 500 FULL HD WEBCAM - GRAPHITE,130.0,199.0,34.67,69.0,LOGITECH,Camera,webcam
LOGITECH 960-001090 C922 PRO STREAM WEBCAM,125.0,219.0,42.92,94.0,LOGITECH,Camera,webcam
XGIMI DESKTOP STAND PRO DESKTOP STAND PRO,149.0,150.0,0.67,1.0,XGIMI,Desktop,desktop
LOGITECH 920-012476 SIGNATURE MK950 SLIM COMBO OFF-WHITE (1Y),133.0,189.0,29.63,56.0,LOGITECH,Washing Machine,combo
CORNELL CAFE25L AIR FRYER OVEN 25L,133.0,399.0,66.67,266.0,CORNELL,Kitchen Appliance,oven
JOGEN EO 2000 CONVECTION ELECTRIC OVEN (30L),181.0,289.0,37.37,108.0,JOGEN,Kitchen Appliance,oven
MISTRAL HIGH VELOCITY FAN WITH REMOTE (12 INCH) MHV912R (BLACK),156.0,299.0,47.83,143.0,MISTRAL,Small Appliance,fan
MISTRAL HIGH VELOCITY FAN WITH REMOTE (12 INCH) MHV912R-WH (WHITE),157.0,299.0,47.49,142.0,MISTRAL,Small Appliance,fan
SAMSUNG EF-BX810PWEGWW SAMSUNG GALAXY TAB S9+ SMART BOOK COVER - WHITE,157.0,159.0,1.26,2.0,SAMSUNG,Smartphone,galaxy
SAMSUNG EF-BX810PBEGWW SAMSUNG GALAXY TAB S9+ SMART BOOK COVER - BLACK,157.0,159.0,1.26,2.0,SAMSUNG,Smartphone,galaxy
HUAWEI WATCH FIT 3 SPACE GREY NYLON STRAP,187.0,198.0,5.56,11.0,HUAWEI,Wearable,watch
HUAWEI WATCH FIT 3 SKY WHITE LEATHER STRAP,187.0,198.0,5.56,11.0,HUAWEI,Wearable,watch
KDK BOX FAN WITH STAND (30CM) SS30H (WHITE),154.0,168.0,8.33,14.0,KDK,Small Appliance,fan
SONA SFS9011DC 12 IN QUADPOD FAN WITH REMOTE (DC MOTOR),168.0,299.0,43.81,131.0,SONA,Small Appliance,fan
PANASONIC NANOE™ X GENERATOR AIR PURIFIER F-GPT01AKS (BLACK),148.0,231.0,35.93,83.0,PANASONIC,Small Appliance,air purifier
PANASONIC NANOE™ X GENERATOR AIR PURIFIER F-GPT01ARS (RED),148.0,231.0,35.93,83.0,PANASONIC,Small Appliance,air purifier
MISTRAL MSH101C-BK Instant Shower Heater,141.0,289.0,51.21,148.0,MISTRAL,Small Appliance,heater
MISTRAL MSH101C-WH Instant Shower Heater,142.0,289.0,50.87,147.0,MISTRAL,Small Appliance,heater
SHARP R-72A1(SM)V MICROWAVE WITH GRILL (25L),165.0,180.0,8.33,15.0,SHARP,Kitchen Appliance,microwave
PANASONIC MX-AC400WSH MIXER & GRINDER (360W),167.0,209.0,20.1,42.0,PANASONIC,Kitchen Appliance,mixer
KDK LIVING FAN WITH REMOTE (12 INCH) N30NH (METALLIC BRONZE),157.0,189.0,16.93,32.0,KDK,Small Appliance,fan
PHILIPS DST8020/26 AZUR STEAM IRON,170.0,229.0,25.76,59.0,PHILIPS,Small Appliance,iron
MISTRAL AIR COOLER WITH IONIZER (10L) MAC001E (WHITE),158.0,268.0,41.04,110.0,MISTRAL,Refrigerator,cooler
LOGITECH 910-006632 LOGITECH G PRO X SUPERLIGHT 2 GAMING MOUSE BLACK,184.0,249.0,26.1,65.0,LOGITECH,Gaming,gaming
RENPHO R-C001S POWER + BLACK MASSAGE GUN,160.91,179.9,10.56,18.99000000000001,RENPHO,Other,Other
TEFAL TW4B71 XXL BAGLESS VACUUM CLEANER,173.0,299.0,42.14,126.0,TEFAL,Small Appliance,vacuum
LOGITECH 988-000571 LOGI YETI GX DYNAMIC RGB GAMING MICROPHONE BLK 2Y,167.0,219.0,23.74,52.0,LOGITECH,Gaming,gaming
BRAUN BT9440 PRO BEARD TRIMMER 9,157.0,239.0,34.31,82.0,BRAUN,Other,Other
NESCAFE DOLCE GUSTO 1003 BLACK GENIO S PLUS COFFEE MACHINE (BLACK),161.0,192.0,16.15,31.0,NESCAFE,Kitchen Appliance,coffee
NESCAFE DOLCE GUSTO 1003 DARK RED GENIO S PLUS COFFEE MACHINE (DARK RED),161.0,192.0,16.15,31.0,NESCAFE,Kitchen Appliance,coffee
LOGITECH 910-004863 SPOTLIGHT PRESENTATION REMOTE(WIRELSS) SLATE,187.0,195.0,4.1,8.0,LOGITECH,Tablet,slate
LOGITECH 920-011916 PRO X 60 LIGHTSPEED WIRELESS GAMING KEYBOARD BLACK (GX-BROWN),167.0,299.0,44.15,132.0,LOGITECH,Gaming,gaming
KENWOOD FDM302SS FOOD PROCESSOR (800W),167.0,199.0,16.08,32.0,KENWOOD,Kitchen Appliance,food processor
NINJA BN500 NUTRI-BLENDER PRO,217.0,258.0,15.89,41.0,NINJA,Kitchen Appliance,blender
PHILIPS HR3573/91 BLENDER (2L),188.0,229.0,17.9,41.0,PHILIPS,Kitchen Appliance,blender
PHILIPS 7000 SERIES HI SPEED BLENDER,188.0,269.0,30.11,81.0,PHILIPS,Kitchen Appliance,blender
DELONGHI EOI406.GR OVEN TOASTERS (9L) - GREEN,167.0,199.0,16.08,32.0,DELONGHI,Kitchen Appliance,oven
MIDEA MMO-EG930MX MICROWAVE WITH GRILL (30L),178.0,279.0,36.2,101.0,MIDEA,Kitchen Appliance,microwave
DELONGHI PUMP ESPRESSO COFFEE MACHINE,252.0,299.0,15.72,47.0,DELONGHI,Kitchen Appliance,coffee
MAYER MMIWD4008 WATER DISPENSER (4L),188.0,299.0,37.12,111.0,MAYER,Small Appliance,water dispenser
ELECTROLUX EFP31212 ULTIMATEHOME 300 18V CORDLESS STICK VACUUM,173.0,369.0,53.12,196.0,ELECTROLUX,Small Appliance,vacuum
RAZER RZ19-05060100-R3M1 SEIREN V3 CHROMA - RGB USB MICROPHONE-BLACK,153.0,199.0,23.12,46.0,RAZER,Smartphone,Other
KDK VENTILATING FAN 21 WATT CORD-OPERATED SHUTTERS 20WHCT,198.0,199.0,0.5,1.0,KDK,Small Appliance,fan
SHARP R-34SI-W COMPACT SOLO MICROWAVE OVEN 34L (WHITE),201.0,235.0,14.47,34.0,SHARP,Kitchen Appliance,microwave
PANASONIC DH-3US1SS ELECTRIC WATER HEATER DH-3US1SS ( SKIN SILVER),188.0,289.0,34.95,101.0,PANASONIC,Small Appliance,heater
D' FAN CEILING FAN WITH LED LIGHT & REMOTE (46 INCH) SPACE 46-GR/BK (GREY WITH BLACK) - INSTALLATION CHARGES APPLIES,208.0,399.0,47.87,191.0,D',Small Appliance,fan
MAYER MMAO1450 AIR FRYER OVEN (14.5L) - RED,184.0,349.0,47.28,165.0,MAYER,Kitchen Appliance,oven
NOTHING NOTHING B171 EAR - WHT TRUE WIRELESS EARBUDS - WHITE,224.0,229.0,2.18,5.0,NOTHING,Audio,earbuds
PHILIPS COMPACT AIR PURIFIER 800I SERIES 49m² AC0850/20 (WHITE),198.0,399.0,50.38,201.0,PHILIPS,Small Appliance,air purifier
LOGITECH 920-010111 ERGO K860 WIRELESS SPLIT KEYBOARD (BLACK),219.0,229.0,4.37,10.0,LOGITECH,Accessories,keyboard
LOGITECH 920-010784 MX MECHANICAL MINI W/L KEYBOARD GRAPHITE LINEAR,193.0,289.0,33.22,96.0,LOGITECH,Accessories,keyboard
LOGITECH 920-010783 MX MECHANICAL MINI W/L KEYBOARD GRAPHITE TACTILE,193.0,289.0,33.22,96.0,LOGITECH,Accessories,keyboard
ROMMELSBACHER EKM 300 CONICAL GRINDER,211.0,349.0,39.54,138.0,ROMMELSBACHER,Kitchen Appliance,grinder
984-001920 ULTIMATE EARS EVERBOOM - CHARCOAL BLACK,288.0,359.0,19.78,71.0,984-001920,Other,Other
MISTRAL MSWH15 STORAGE WATER HEATER (15L) (INSTALLATION CHARGES APPLIES),201.0,329.0,38.91,128.0,MISTRAL,Small Appliance,heater
CHAMPS SYLPHY SILVER RAINSHOWER ELECTRIC INSTANT WATER HEATER,207.0,328.0,36.89,121.0,CHAMPS,Small Appliance,heater
MISTRAL EVAPORATIVE AIR COOLER WITH IONIZER (10L) MAC1000R (BLACK & WHITE),207.0,318.0,34.91,111.0,MISTRAL,Refrigerator,cooler
NESPRESSO VERTUO POP RED COFFEE MACHINE,210.0,249.0,15.66,39.0,NESPRESSO,Kitchen Appliance,coffee
NESPRESSO VERTUO POP BLACK COFFEE MACHINE,210.0,249.0,15.66,39.0,NESPRESSO,Kitchen Appliance,coffee
NESPRESSO VERTUO POP YELLOW COFFEE MACHINE,210.0,249.0,15.66,39.0,NESPRESSO,Kitchen Appliance,coffee
NESPRESSO VERTUO POP AQUA COFFEE MACHINE,210.0,249.0,15.66,39.0,NESPRESSO,Kitchen Appliance,coffee
MISTRAL MSH103-WH Instant Shower Heater,210.0,369.0,43.09,159.0,MISTRAL,Small Appliance,heater
MISTRAL MSH103-BK Instant Shower Heater,231.0,369.0,37.4,138.0,MISTRAL,Small Appliance,heater
MISTRAL MAC2300R 25L AIR COOLER WITH STERILISER,228.0,399.0,42.86,171.0,MISTRAL,Refrigerator,cooler
SAMSUNG WMN-A50EB/XY SLIM FIT WALL MOUNT 2021 SELECTED SAMSUNG TV MODELS,248.0,251.0,1.2,3.0,SAMSUNG,TV,tv
SAMSUNG WMN-B50EB/XY SLIM FIT WALL MOUNT FOR SELECTED TV MODELS,248.0,251.0,1.2,3.0,SAMSUNG,TV,tv
CORNELL CEOP40LD ELECTRIC OVEN (40L),254.0,599.0,57.6,345.0,CORNELL,Kitchen Appliance,oven
NESPRESSO INISSIA COFFEE MACHINE (BLACK),237.0,259.0,8.49,22.0,NESPRESSO,Kitchen Appliance,coffee
CORNELL CVCE68S WET & DRY VACUUM CLEANER,218.0,599.0,63.61,381.0,CORNELL,Small Appliance,vacuum
CORNELL CAPE02WH AIR PURIFIER - AIR ZEN PRO,223.0,499.0,55.31,276.0,CORNELL,Small Appliance,air purifier
MIDEA 99L CHEST FREEZER MDRC152FZG01-SG (WHITE),278.0,309.0,10.03,31.0,MIDEA,Refrigerator,freezer
LOGITECH 920-010762 MX MECHANICAL WIRELESS KEYBOARD GRAPHITE CLICKY,218.0,339.0,35.69,121.0,LOGITECH,Accessories,keyboard
HITACHI PV-X90N 2-IN-1 HANDSTICK VACUUM,227.0,299.0,24.08,72.0,HITACHI,Small Appliance,vacuum
ARISTON PRO RS J 25 3.0 SIN STORAGE WATER HEATER 25L (INSTALLATION CHARGES APPLIES),270.0,274.0,1.46,4.0,ARISTON,Small Appliance,heater
ELECTROLUX EUM0500BD-SG MINI BAR FRIDGE (44L),248.0,409.0,39.36,161.0,ELECTROLUX,Refrigerator,fridge
707 DALTON15 STORAGE WATER HEATER (15L) (INSTALLATION CHARGES APPLIES),237.0,338.0,29.88,101.0,707,Small Appliance,heater
KARCHER K2 COMPACT HIGH PRESSURE CLEANER (1400W),214.0,288.0,25.69,74.0,KARCHER,Vacuum,cleaner
TEFAL ZC420E JUICE AND CLEAN SLOW JUICER (150W),288.0,322.0,10.56,34.0,TEFAL,Kitchen Appliance,juicer
NESPRESSO ESSENZA MINI COFFEE MACHINE (BLACK) MILK BUNDLE,272.0,289.0,5.88,17.0,NESPRESSO,Kitchen Appliance,coffee
BROTHER DCP-J1700DW 3-IN-1 SMARTCUT INKJET PRINTER,288.0,298.0,3.36,10.0,BROTHER,Printer,printer
KADEKA KCF-100I CHEST FREEZER (100L),297.0,362.0,17.96,65.0,KADEKA,Refrigerator,freezer
KENWOOD KHC29.A0SI PROSPERO+ COMPACT 4.3L - SILVER,295.0,349.0,15.47,54.0,KENWOOD,Other,Other
ELECTROLUX E7TB1-700P 2.0L HIGH-SPEED BLENDER,328.0,389.0,15.68,61.0,ELECTROLUX,Kitchen Appliance,blender
ELECTROLUX E5EC1-50ST ESPRESSO MACHINE,287.0,469.0,38.81,182.0,ELECTROLUX,Other,Other
DELONGHI EC685.M PUMP-DRIVEN COFFEE MACHINE,252.0,299.0,15.72,47.0,DELONGHI,Kitchen Appliance,coffee
NESPRESSO C62-SG-TI-NE PIXIE TITAN,253.0,299.0,15.38,46.0,NESPRESSO,Other,Other
NESPRESSO C62-SG-GR-NE PIXIE DARK GREEN,253.0,299.0,15.38,46.0,NESPRESSO,Other,Other
ELECTROLUX EFP61712A ULTIMATEHOME 600 CORDLESS VACUUM - DENIM BLUE,268.0,399.0,32.83,131.0,ELECTROLUX,Small Appliance,vacuum
LOGITECH 981-001270 LOGITECH G PRO X 2 LIGHTSPEED BLUETOOTH GAMING HEADSET WHITE,278.0,389.0,28.53,111.0,LOGITECH,Audio,bluetooth
PHILIPS TAB5706/98 2.1 WITH BUILT-IN SUBWOOFER,288.0,342.0,15.79,54.0,PHILIPS,Audio,subwoofer
EUROPACE 30L EVAPORATIVE AIR COOLER - WHITE,272.0,599.0,54.59,327.0,EUROPACE,Refrigerator,cooler
MISTRAL MSH88P SHOWER HEATER WITH DC PUMP (INSTALLATION CHARGES APPLIES),252.0,398.0,36.68,146.0,MISTRAL,Small Appliance,heater
CLARK BAR TABLE,159.0,429.0,62.94,270.0,CLARK,Furniture,table
ALLIBERT  SAN REMO BALCONY SET CAPPUCCINO (EXCLUDE INSTALLATION),229.0,459.0,50.11,230.0,ALLIBERT,Other,Other
EUROPACE ER5501A (IVORY WHITE) BAR FRIDGE (50L) - IVORY WHITE,280.0,309.0,9.39,29.0,EUROPACE,Refrigerator,fridge
MIDEA 142L CHEST FREEZER MDRC207FZG01-SG (WHITE),348.0,379.0,8.18,31.0,MIDEA,Refrigerator,freezer
NESPRESSO VERTUO POP AQUA COFFEE MACHINE BUNDLE,278.0,329.0,15.5,51.0,NESPRESSO,Kitchen Appliance,coffee
NESPRESSO VERTUO POP RED COFFEE MACHINE BUNDLE,278.0,329.0,15.5,51.0,NESPRESSO,Kitchen Appliance,coffee
NESPRESSO VERTUO POP YELLOW COFFEE MACHINE BUNDLE,278.0,329.0,15.5,51.0,NESPRESSO,Kitchen Appliance,coffee
NESPRESSO VERTUO POP BLACK COFFEE MACHINE BUNDLE,277.0,329.0,15.81,52.0,NESPRESSO,Kitchen Appliance,coffee
ELECTROLUX EFC71622SW ULTIMATEHOME 700 2000W BAGLESS VACUUM CLEANER,298.0,389.0,23.39,91.0,ELECTROLUX,Small Appliance,vacuum
ASUS (ONLINE EXCLUSIVE) 24.5 IN FULL HD IPS TUF  GAMING MONITOR,318.0,359.0,11.42,41.0,ASUS,Monitor,monitor
SAMSUNG EF-DX715UBEGWW SAMSUNG GALAXY TAB S9 BOOK COVER KEYBOARD - BLACK,337.0,341.0,1.17,4.0,SAMSUNG,Smartphone,galaxy
VIVO V2343 Y38 5G 256GB AGATE GREEN,343.0,349.0,1.72,6.0,VIVO,Other,Other
VIVO V2343 Y38 5G 256GB PACIFIC BLUE,343.0,349.0,1.72,6.0,VIVO,Other,Other
NESPRESSO VERTUO NEXT COFFEE MACHINE (CHERRY RED),328.0,349.0,6.02,21.0,NESPRESSO,Kitchen Appliance,coffee
MARSHALL STOCKWELL II BLACK AND BRASS BLUETOOTH SPEAKER,358.0,399.0,10.28,41.0,MARSHALL,Audio,speaker
EUROPACE EDH 3140D 14L SMART 3-IN-1 DEHUMIDIFIER,298.0,569.0,47.63,271.0,EUROPACE,Small Appliance,dehumidifier
KDK TG3AD1 INSTANT WATER HEATER (DIGITAL),308.0,379.0,18.73,71.0,KDK,Small Appliance,heater
PHILIPS TAB5309/10 2.1CH SOUNDBAR,323.0,359.0,10.03,36.0,PHILIPS,Audio,soundbar
PHILIPS AIR PURIFIER 78m² 1000I SERIES AC1715/20 (WHITE),308.0,429.0,28.21,121.0,PHILIPS,Small Appliance,air purifier
MAYER 30CM 1 BURNER DOMINO GAS HOB MMGH310H (BLACK) - EXCLUDE INSTALLATION,347.0,459.0,24.4,112.0,MAYER,Kitchen Appliance,burner
NINJA AG301 FOODI GRILL (5.6L),268.0,408.0,34.31,140.0,NINJA,Other,Other
Meyer Accent 6-Piece Essential Set,327.3,469.0,30.21,141.7,Meyer,Other,Other
UNO 70CM 3 BURNERS GAS COOKER BUILT-IN HOB UP7038TRSV (STAINLESS STEEL) - EXCLUDE INSTALLATION,297.0,378.0,21.43,81.0,UNO,Kitchen Appliance,hob
ELECTROLUX EUM0930BD-SG MINI BAR FRIDGE 90L,341.0,509.0,33.01,168.0,ELECTROLUX,Refrigerator,fridge
NESPRESSO A3C62-SG-TI-NE PIXIE TITAN BUNDLE,321.0,379.0,15.3,58.0,NESPRESSO,Other,Other
NESPRESSO A3C62-SG-GR-NE PIXIE DARK GREEN BUNDLE,321.0,379.0,15.3,58.0,NESPRESSO,Other,Other
ASUS ROG AZOTH NX STORM WHITE M701 ROG AZOTH NX/SM WL WHT  (PBT-DS),378.0,429.0,11.89,51.0,ASUS,Other,Other
TOSHIBA PORTABLE DISHWASHER DWS-22ASG(K) (WHITE),365.0,459.0,20.48,94.0,TOSHIBA,Dishwasher,dishwasher
SAMSUNG SM-L310NZSAASA GALAXY WATCH7 44MM BLUETOOTH SILVER,484.0,498.0,2.81,14.0,SAMSUNG,Smartphone,galaxy
NINJA CB402 FOODI POWER BLENDER,426.0,508.0,16.14,82.0,NINJA,Kitchen Appliance,blender
TEFAL GF5035M0 X-CLEAN WET & DRY HANDSTICK VACUUM CLEANER (200W),348.0,549.0,36.61,201.0,TEFAL,Small Appliance,vacuum
ELECTROLUX EFP61714 ULTIMATEHOME 600 CORDLESS VACUUM - SHELL WHITE,358.0,499.0,28.26,141.0,ELECTROLUX,Small Appliance,vacuum
ELECTROLUX EFR31223 ULTIMATEHOME 300 - ROBOTIC VACUUM & MOP CLEANER,358.0,499.0,28.26,141.0,ELECTROLUX,Small Appliance,vacuum
MAYER 90CM SEMI-INTEGRATED SLIMLINE HOOD MMSI900 (STAINLESS STEEL) - EXCLUDE INSTALLATION,387.0,499.0,22.44,112.0,MAYER,Kitchen Appliance,hood
MISTRAL MSH99-MB SHOWER WATER HEATER WITH DC PUMP,347.0,599.0,42.07,252.0,MISTRAL,Small Appliance,heater
ARISTON 15L WIFI STORAGE WATER HEATER (COPPER HEATING ELEMENT),349.0,402.0,13.18,53.0,ARISTON,Small Appliance,heater
UNO 76CM 2 BURNER GLASS GAS HOB UG2076TRSV (BLACK) - EXCLUDE INSTALLATION,359.0,408.0,12.01,49.0,UNO,Kitchen Appliance,burner
DAIKIN STREAMER AIR PURIFIER MC30YVM7 (WHITE),364.0,515.0,29.32,151.0,DAIKIN,Small Appliance,air purifier
KARCHER WD5 WET/DRY VACUUM CLEANER (1800W),438.0,528.0,17.05,90.0,KARCHER,Small Appliance,vacuum
ASUS (ONLINE EXCLUSIVE) 24.5-INCH FULL HD IPS TUF GAMING MONITOR,408.0,449.0,9.13,41.0,ASUS,Monitor,monitor
707 KINGSTON-BLACK ELECTRIC INSTANT WATER HEATER (INSTALLATION CHARGES APPLIES),398.0,499.0,20.24,101.0,707,Small Appliance,heater
KARCHER FC2-4 FLOOR CLEANER,288.0,428.0,32.71,140.0,KARCHER,Vacuum,cleaner
NESPRESSO GDB2-GB-CR-NE2 VERTUO PLUS COFFEE MACHINE CHERRY RED,398.0,429.0,7.23,31.0,NESPRESSO,Kitchen Appliance,coffee
EPSON ECOTANK  L5290 PRINTER ECOTANK ALL-IN-ONE A4 COLOR WIFI FAX WITH ADF,408.0,429.0,4.9,21.0,EPSON,Desktop,all-in-one
SAMSUNG HW-S61B/XS 5 CH. SOUNDBAR - WHITE,398.0,806.0,50.62,408.0,SAMSUNG,Audio,soundbar
TECNO TCH901WH COOKER HOOD (EXCLUDE INSTALLATION),398.0,438.0,9.13,40.0,TECNO,Kitchen Appliance,hood
PANASONIC ES-LV97-K751 SHAVER,413.0,504.0,18.06,91.0,PANASONIC,Other,Other
SAMSUNG HW-S61D/XS (WHITE) 5.0 CH SOUNDBAR,398.0,799.0,50.19,401.0,SAMSUNG,Audio,soundbar
SAMSUNG HW-S60D/XS (BLACK) 5.0 CH SOUNDBAR,398.0,799.0,50.19,401.0,SAMSUNG,Audio,soundbar
MARSHALL MIDDLETON MIDDLETON BLACK & BRASS WIRELESS SPEAKER,448.0,499.0,10.22,51.0,MARSHALL,Audio,speaker
MARSHALL ACTION III BT BROWN HOME SPEAKER,448.0,499.0,10.22,51.0,MARSHALL,Audio,speaker
MARSHALL ACTION III BT CREAM HOME SPEAKER,448.0,499.0,10.22,51.0,MARSHALL,Audio,speaker
KDK CEILING FAN 150CM T60AW (GREY) - INSTALLATION CHARGES APPLIES,427.0,485.0,11.96,58.0,KDK,Small Appliance,fan
BLUEAIR CAR AIR PURIFIER CABIN AIR P1 (BLACK),438.0,499.0,12.22,61.0,BLUEAIR,Small Appliance,air purifier
SHARP FP-S40E-W PUREFIT MINI AIR PURIFIER,396.0,478.0,17.15,82.0,SHARP,Small Appliance,air purifier
BROTHER FS60X HOME SEWING MACHINE,448.0,755.0,40.66,307.0,BROTHER,Other,Other
ARISTON ANDRIS LUX WI-FI 30 1.5 SIN 30L WIFI STORAGE WATER HEATER,455.0,479.0,5.01,24.0,ARISTON,Small Appliance,heater
TOSHIBA MS3-STQ20SE(BK) STEAM OVEN 20L (BLACK),436.0,549.0,20.58,113.0,TOSHIBA,Kitchen Appliance,oven
WHIRLPOOL DS202NF DEHUMIDIFIER - 20L,426.0,479.0,11.06,53.0,WHIRLPOOL,Small Appliance,dehumidifier
WHIRLPOOL VWVD9512GG STAINWASH TOP LOAD WASHER (9.5KG),486.0,799.0,39.17,313.0,WHIRLPOOL,Washing Machine,washer
SHARP ES-FW714AW FRONT LOAD WASHER (7KG),495.0,531.0,6.78,36.0,SHARP,Washing Machine,washer
KENWOOD KZM35.000GY GO STAND MIXER,448.0,499.0,10.22,51.0,KENWOOD,Kitchen Appliance,mixer
DELONGHI EC885.BG DEDICA ARTE BEIGE - PUMP ESPRESSO COFFEE MACHINES,438.0,499.0,12.22,61.0,DELONGHI,Kitchen Appliance,coffee
ELECTROLUX EFW71711 ULTIMATEHOME 700 VACUUM & MOP,448.0,769.0,41.74,321.0,ELECTROLUX,Small Appliance,vacuum
SHARK CS851SMBR EVOPOWER SYSTEM IQ CORDLESS VACUUM,448.0,599.0,25.21,151.0,SHARK,Small Appliance,vacuum
ELECTROLUX EFP71512 ULTIMATEHOME 700 14.4V CORDLESS STICK VACUUM,448.0,609.0,26.44,161.0,ELECTROLUX,Small Appliance,vacuum
PHILIPS PSG6066/20 PERFECTCARE 6000 STEAM GENERATOR IRON,448.0,599.0,25.21,151.0,PHILIPS,Small Appliance,iron
WHIRLPOOL DS242HEHK PURI-PRO DEHUMIDPURIFIER - 24L,511.0,589.0,13.24,78.0,WHIRLPOOL,Other,Other
WHIRLPOOL WMF250GSG 25L MICROWAVE OVEN WITH GRILL (EXCLUDE INSTALLATION),465.0,806.0,42.31,341.0,WHIRLPOOL,Kitchen Appliance,microwave
LENOVO LEGION GLASSES,498.0,504.0,1.19,6.0,LENOVO,Other,Other
SONY SA-SW3 SUB WOOFER 200W,505.0,509.0,0.79,4.0,SONY,Audio,woofer
MAYER 86CM 2 BURNERS GLASS GAS HOB MMGH882 (BLACK) - EXCLUDE INSTALLATION,497.0,609.0,18.39,112.0,MAYER,Kitchen Appliance,hob
BLUEAIR BLUE PURE FAN,500.0,569.0,12.13,69.0,BLUEAIR,Small Appliance,fan
ASUS VG27AQL3A 27IN TUF GAMING QHD 180HZ GAMING MONITOR,478.0,519.0,7.9,41.0,ASUS,Monitor,monitor
MAYER MMGH7721HI 2 BURNER (76CM) GLASS GAS HOB,502.99,619.0,18.74,116.00999999999999,MAYER,Kitchen Appliance,burner
TECNO 70CM 2 BURNER TEMPERED GLASS GAS HOB T22TGSV (BLACK) - EXCLUDE INSTALLATION,498.0,528.0,5.68,30.0,TECNO,Kitchen Appliance,burner
JBL BOOMBOX 3 BLACK PORTABLE WATERPROOF BLUETOOTH SPEAKER,545.0,717.0,23.99,172.0,JBL,Audio,speaker
JBL BOOMBOX 3 SQUAD PORTABLE WATERPROOF BLUETOOTH SPEAKER,545.0,717.0,23.99,172.0,JBL,Audio,speaker
BLUEAIR CAR AIR PURIFIER CABIN AIR P2I WITH PARTICLE (BLACK),526.0,599.0,12.19,73.0,BLUEAIR,Small Appliance,air purifier
TECNO 90CM 3 BURNER STAINLESS STEEL GAS HOB SR98SV - EXCLUDE INSTALLATION,518.0,548.0,5.47,30.0,TECNO,Kitchen Appliance,burner
MAYER MMGH7731HI 3 BURNER (76CM) GLASS GAS HOB,516.0,649.0,20.49,133.0,MAYER,Kitchen Appliance,burner
LEVOIT CORE 600S SMART TRUE HEPA AIR PURIFIER,498.0,628.9,20.81,130.89999999999998,LEVOIT,Small Appliance,air purifier
LG T2108VSAW TOP LOAD WASHER (8KG),553.0,672.0,17.71,119.0,LG,Washing Machine,washer
MARSHALL STANMORE III BT CREAM HOME SPEAKER,608.0,669.0,9.12,61.0,MARSHALL,Audio,speaker
TECNO 75CM 2 BURNER GLASS GAS HOB WITH INFERNO WOK BURNER T28TGSV - EXCLUDE INSTALLATION,520.0,588.0,11.56,68.0,TECNO,Kitchen Appliance,burner
TECNO TCF 159RFF BK TOP OPENING CHEST FREEZER (150L),587.0,598.0,1.84,11.0,TECNO,Refrigerator,freezer
WHIRLPOOL FWEB8002GW FRONT LOAD WASHER (8KG),588.0,806.0,27.05,218.0,WHIRLPOOL,Washing Machine,washer
WHIRLPOOL VWVD10512GG STAINWASH TOP LOAD WASHER (10.5KG),636.0,907.0,29.88,271.0,WHIRLPOOL,Washing Machine,washer
WHIRLPOOL VWVD10512GG STAINWASH TOP LOAD WASHER (10.5KG),636.0,907.0,29.88,271.0,WHIRLPOOL,Washing Machine,washer
WHIRLPOOL FWEB8002GW FRONT LOAD WASHER (8KG),588.0,806.0,27.05,218.0,WHIRLPOOL,Washing Machine,washer
ELECTROLUX 255L 2 DOOR FRIDGE ULTIMATE TASTE 300 ETB2802J-A (TOP FREEZER),564.0,1339.0,57.88,775.0,ELECTROLUX,Refrigerator,fridge
PHILIPS PSG8040/60 PERFECTCARE 8000 SERIES STEAM GENERATOR,513.0,759.0,32.41,246.0,PHILIPS,Other,Other
BOWERS BOWERS & WILKINS PX7 S2E WIRELESS HEADPHONE OCEAN BLUE,618.0,699.0,11.59,81.0,BOWERS,Audio,headphone
BOWERS BOWERS & WILKINS  PX7 S2E WIRELESS HEADPHONE ANTHRACITE BLACK,618.0,699.0,11.59,81.0,BOWERS,Audio,headphone
ELECTROLUX PA91-406GY PURE A9 AIR PURIFIER 61m2- 472m3/h CADR,568.0,1149.0,50.57,581.0,ELECTROLUX,Small Appliance,air purifier
EPSON ECOTANK L6460 PRINTER ECOTANK ALL-IN-ONE A4 COLOR WIFI ADF,588.0,699.0,15.88,111.0,EPSON,Desktop,all-in-one
PHILIPS 2-IN-1 AIR PURIFIER AND FAN 7000 SERIES AMF765/30 (WHITE),513.0,639.0,19.72,126.0,PHILIPS,Small Appliance,fan
MIDEA 13KG TOP LOAD WASHING MACHINE HEALTH GUARD PLUS MA200W130D,592.0,739.0,19.89,147.0,MIDEA,Washing Machine,washing machine
KARCHER RCV 3 ROBOT VACUUM CLEANER,446.0,608.0,26.64,162.0,KARCHER,Small Appliance,vacuum
TECNO T333TGSV BUILT IN HOB WITH SAFETY VALVE (EXCLUDE INSTALLATION),572.0,608.0,5.92,36.0,TECNO,Kitchen Appliance,hob
TOSHIBA TABLETOP DISHWASHER (UP TO 8 SETS) DW-08T1(S)-SG (SILVER),538.0,609.0,11.66,71.0,TOSHIBA,Dishwasher,dishwasher
DAIKIN STREAMER AIR PURIFIER MC55UVM6-7 (WHITE),524.0,615.0,14.8,91.0,DAIKIN,Small Appliance,air purifier
KDK DC CEILING FAN WITH LED LIGHT AND REMOTE 1.5M U60FWS SHORT ROD (BLACK) - INSTALLATION CHARGES APPLIES,567.0,678.0,16.37,111.0,KDK,Small Appliance,fan
TECNO TBO630 BUILT IN OVEN (56L) (EXCLUDE INSTALLATION),593.0,618.0,4.05,25.0,TECNO,Kitchen Appliance,oven
BEKO DVN04X20W 13 PLACEMENT DISHWASHER,598.0,749.0,20.16,151.0,BEKO,Dishwasher,dishwasher
PHILIPS XC7055/01 SERIES 7000 CORDLESS VACUUM AQUA,602.0,799.0,24.66,197.0,PHILIPS,Small Appliance,vacuum
PHILIPS 55PUT7129/98 55 IN UHD GOOGLE TV,587.0,825.0,28.85,238.0,PHILIPS,TV,tv
HITACHI LTL-10MVW0T-GG TOP LOAD WASHER (10KG),608.0,899.0,32.37,291.0,HITACHI,Washing Machine,washer
WHIRLPOOL FWEB8002GG FRONT LOAD WASHER (8KG),593.0,899.0,34.04,306.0,WHIRLPOOL,Washing Machine,washer
ECOVACS YDLX11-1-BLACK DEEBOT N30 PRO OMNI ROBOTIC VACUUM CLEANER - BLACK,655.0,1219.0,46.27,564.0,ECOVACS,Small Appliance,vacuum
TECNO TMW55BI BUILT-IN OVEN  (EXCLUDE INSTALLATION),628.0,668.0,5.99,40.0,TECNO,Kitchen Appliance,oven
TINECO FLOOR ONE STRETCH S6 SMART CORDLESS FLOOR WASHER,649.0,2088.0,68.92,1439.0,TINECO,Washing Machine,washer
KARCHER DS6000 WATER FILTER VACUUM CLEANER (900W),628.0,1228.0,48.86,600.0,KARCHER,Small Appliance,vacuum
SAMSUNG WA80CG4546BVSP TOP LOAD WASHER (8KG) - BLACK CAVIAR,691.0,699.0,1.14,8.0,SAMSUNG,Washing Machine,washer
KENWOOD KMX751ARD KMIX STANDING MIXER (5.0L) - BOLD RED,695.0,699.0,0.57,4.0,KENWOOD,Kitchen Appliance,mixer
DELONGHI ECAM12.122.B FULLY AUTOMATIC COFFEE MACHINE,602.0,699.0,13.88,97.0,DELONGHI,Kitchen Appliance,coffee
ELECTROLUX EFP71525 ULTIMATEHOME 700 14.4V CORDLESS STICK VACUUM,638.0,819.0,22.1,181.0,ELECTROLUX,Small Appliance,vacuum
DENON DHT-S517 DOLBY ATMOS SOUNDBAR BLUETOOTH W/WIRELESS SUBWOOFER,890.0,1129.0,21.17,239.0,DENON,Audio,soundbar
LG DUAL INVERTER DEHUMIDIFIER WITH IONIZER MD19GQGA1 (WHITE),603.0,706.0,14.59,103.0,LG,Small Appliance,dehumidifier
PHILIPS 2-IN-1 AIR PURIFIER AND DEHUMIDIFIER 5000 SERIES DE5205/30 (WHITE),603.0,879.0,31.4,276.0,PHILIPS,Small Appliance,dehumidifier
TOSHIBA 12KG TOP LOAD WASHING MACHINE AW-DUK1300KS,708.0,879.0,19.45,171.0,TOSHIBA,Washing Machine,washing machine
DAIKIN STREAMER AIR PURIFIER WITH HUMIDIFIER MCK55TVM6 (WHITE),663.0,715.0,7.27,52.0,DAIKIN,Small Appliance,humidifier
KUVINGS REVO 830 SILVER WHOLE SLOW JUICER REVO 830 SILVER,639.0,1288.0,50.39,649.0,KUVINGS,Kitchen Appliance,juicer
KUVINGS REVO 830 RED WHOLE SLOW JUICER REVO 830 RED,639.0,1288.0,50.39,649.0,KUVINGS,Kitchen Appliance,juicer
TOSHIBA 12KG TOP LOAD WASHING MACHINE AW-DUM1300KS,728.0,899.0,19.02,171.0,TOSHIBA,Washing Machine,washing machine
TOSHIBA 10KG TOP LOAD WASHING MACHINE AW-DUM1100JS,638.0,819.0,22.1,181.0,TOSHIBA,Washing Machine,washing machine
SAMSUNG MC32DB7746KCSP CONVECTION MICROWAVE WITH GRILL (32L),745.0,749.0,0.53,4.0,SAMSUNG,Kitchen Appliance,microwave
WHIRLPOOL IWHL7320SC 2 ZONE INDUCTION (73CM)(EXCLUDE INSTALLATION),686.0,1109.0,38.14,423.0,WHIRLPOOL,Other,Other
DYSON HT01 HK/MY/SG BNk/BCo AIRSTRAIT HT01 NICKEL/COPPER,779.0,799.0,2.5,20.0,DYSON,Other,Other
SHARP 12KG TOP LOAD WASHING MACHINE ES-F120G,748.0,804.0,6.97,56.0,SHARP,Washing Machine,washing machine
BEKO 12KG AUTOMATIC TOP LOAD WASHING MACHINE WTLI120D (DARK GREY),728.0,899.0,19.02,171.0,BEKO,Washing Machine,washing machine
PANASONIC NA-FD10V1BRQ TOP LOAD WASHER (10KG),726.0,999.0,27.33,273.0,PANASONIC,Washing Machine,washer
MIDEA MF200W105B FRONTLOAD WASHER (10.5KG),758.0,979.0,22.57,221.0,MIDEA,Washing Machine,washer
MIDEA MF210W95WB FRONT LOAD WASHER (9.5KG),758.0,999.0,24.12,241.0,MIDEA,Washing Machine,washer
MIDEA 320L 2 DOOR BOTTOM MOUNTED FRIDGE MDRB470MGD28 (INVERTER QUATTRO),798.0,1009.0,20.91,211.0,MIDEA,Refrigerator,fridge
MIDEA 8.5KG/6KG FRONT LOAD WASHER DRYER COMBO MF200D85B (DARK GREY),818.0,939.0,12.89,121.0,MIDEA,Washing Machine,washer
PHILIPS 65PUT7129/98 65 IN UHD GOOGLE TV,748.0,1092.0,31.5,344.0,PHILIPS,TV,tv
WHIRLPOOL FWEB9002GW FRONT LOAD WASHER (9KG),736.0,907.0,18.85,171.0,WHIRLPOOL,Washing Machine,washer
EUROPACE 333L 2 DOOR FRIDGE ER5371W (GUN METAL),778.0,1099.0,29.21,321.0,EUROPACE,Refrigerator,fridge
VINTEC 20 BOTTLES SINGLE ZONE WINE CELLAR VWS020SBA-X,753.0,1449.0,48.03,696.0,VINTEC,Other,Other
MIDEA MMO25XHA MICROWAVE OVEN 25L,737.0,999.0,26.23,262.0,MIDEA,Kitchen Appliance,microwave
PHILIPS XW6264/11 SERIES 6000 VACUUM & WASH,698.0,849.0,17.79,151.0,PHILIPS,Small Appliance,vacuum
PHILIPS XU6500/82 6000 SERIES R6 SLIM AUTO WASH ROBOT VACUUM,693.0,1299.0,46.65,606.0,PHILIPS,Small Appliance,vacuum
SAMSUNG 7.5KG FRONT LOAD WASHING MACHINE ECOBUBBLE™ WW75TA046TE/SP (WHITE),796.0,807.0,1.36,11.0,SAMSUNG,Washing Machine,washing machine
WHIRLPOOL AKR1912IXS T-BOX HOOD (90CM) (EXCLUDE INSTALLATION),699.0,907.0,22.93,208.0,WHIRLPOOL,Kitchen Appliance,hood
ELECTROLUX EGC3320NOK 30CM DOMINO GAS HOB (EXCLUDE INSTALLATION),807.0,1409.0,42.73,602.0,ELECTROLUX,Kitchen Appliance,hob
MIDEA 413L 2 DOOR TOP MOUNTED FRIDGE MDRT580MTB46-SG,818.0,1019.0,19.73,201.0,MIDEA,Refrigerator,fridge
IGLOOHOME GATE & DIGITAL DOOR LOCK COMBO 1,803.0,1103.0,27.2,300.0,IGLOOHOME,Washing Machine,combo
HITACHI 10.5KG TOP LOADING WASHER ULTRA-STREAM WASH BW-V105ES (WHITE),809.0,1099.0,26.39,290.0,HITACHI,Washing Machine,washer
WHIRLPOOL VWED1302GG TOP LOAD WASHER (13KG),789.0,899.0,12.24,110.0,WHIRLPOOL,Washing Machine,washer
SHARP SJ-RX42E-SL2 2 DR FRIDGE (317L),687.0,915.0,24.92,228.0,SHARP,Refrigerator,fridge
SHARP ES-FW814SW FRONT LOAD WASHER -WHITE (8KG),845.0,903.0,6.42,58.0,SHARP,Washing Machine,washer
WHIRLPOOL FWEB9002GG FRONT LOAD WASHER (9KG),746.0,999.0,25.33,253.0,WHIRLPOOL,Washing Machine,washer
MIDEA 232L CHEST AND UPRIGHT FREEZER MCF232 (STAINLESS STEEL),846.0,999.0,15.32,153.0,MIDEA,Refrigerator,freezer
EUROPACE EDH9600DGY 5-IN-1 DC SMART DEHUMIDIFIER + AIR PURIFIER (60L),738.0,1099.0,32.85,361.0,EUROPACE,Small Appliance,dehumidifier
MAYER 75CM 2 ZONE HYBRID HOB WITH SLIDER MMIH752CS (BLACK) - EXCLUDE INSTALLATION,788.0,1299.0,39.34,511.0,MAYER,Kitchen Appliance,hob
WHIRLPOOL WWEB8502GW FRONT LOAD WASHER AND DRYER (8KG/5KG),806.0,969.0,16.82,163.0,WHIRLPOOL,Washing Machine,washer
TOSHIBA 9.5KG FRONT LOAD WASHING MACHINE TW-BK105G4S,848.0,1079.0,21.41,231.0,TOSHIBA,Washing Machine,washing machine
MIDEA MF210W105WB FRONT LOAD WASHER (10.5KG),856.0,1099.0,22.11,243.0,MIDEA,Washing Machine,washer
TOSHIBA GR-RB410WE-PMX(06) 2 DR FRIDGE (332L) - MORANDI GREY,886.0,1059.0,16.34,173.0,TOSHIBA,Refrigerator,fridge
LG MJ3965BGS CONVECTION MICROWAVE WITH GRILL (39L),798.0,1059.0,24.65,261.0,LG,Kitchen Appliance,microwave
LG GT-B3153BN 2 DR FRIDGE (315L),898.0,1160.0,22.59,262.0,LG,Refrigerator,fridge
BERTAZZONI FMOD3053WLB1 60X38CM BUILT-IN MICROWAVE OVEN (34L)/(BLACK GLASS MODERN SERIES),818.0,1508.0,45.76,690.0,BERTAZZONI,Kitchen Appliance,microwave
RENPHO R-Q004-BK SMART TREADMILL - GREY,798.11,887.9,10.11,89.78999999999996,RENPHO,Other,Other
MIDEA 10KG/7KG INVERTER QUATTRO WASHER DRYER COMBO MF200D100WB,889.0,1159.0,23.3,270.0,MIDEA,Washing Machine,washer
SAMSUNG SHP-DH538 W HUB DIGITAL FINGERPRINT DOOR LOCK (INCL STANDARD INSTALLATION),887.0,1188.0,25.34,301.0,SAMSUNG,Other,Other
SHARP ES-FW814SB FRONT LOAD WASHER -BLACK (8KG),895.0,956.0,6.38,61.0,SHARP,Washing Machine,washer
TOSHIBA GR-RT559WE-PMX(06S) 2 DR FRIDGE (411L),898.0,1109.0,19.03,211.0,TOSHIBA,Refrigerator,fridge
WHIRLPOOL WDFS3R4NWESG 60CM FREESTANDING DISHWASHER,826.0,1299.0,36.41,473.0,WHIRLPOOL,Dishwasher,dishwasher
HITACHI MRO-S800YS CONVECTION MICROWAVE WITH STEAM (31L),782.0,1299.0,39.8,517.0,HITACHI,Kitchen Appliance,microwave
MIDEA JL2245T WATER PURIFIER,788.0,899.0,12.35,111.0,MIDEA,Kitchen Appliance,water purifier
MAYER 90CM CHIMNEY HOOD MMCH407I (STAINLESS STEEL) - EXCLUDE INSTALLATION,877.0,1199.0,26.86,322.0,MAYER,Kitchen Appliance,hood
ASPEN DINING TABLE,199.0,1299.0,84.68,1100.0,ASPEN,Furniture,table
SAMSUNG RT31CG5424S9SS TOP MOUNT FREEZER REFRIDGERATOR (301L) - REFINED INOX,904.0,908.0,0.44,4.0,SAMSUNG,Refrigerator,freezer
BEKO BDFN26430X 14 PLACEMENT DISHWASHER,898.0,1099.0,18.29,201.0,BEKO,Dishwasher,dishwasher
IGLOOHOME GATE & DIGITAL DOOR LOCK COMBO 2,904.0,1245.0,27.39,341.0,IGLOOHOME,Washing Machine,combo
ELECTROLUX EWW8024P3WC FRONT LOAD WASHER AND DRYER (8KG/5KG)/(ULTIMATECARE 300),860.0,1149.0,25.15,289.0,ELECTROLUX,Washing Machine,washer
SAMSUNG RT31CB5644C2SS TOP MOUNT FREEZER REFRIDGERATOR (301L) - COTTA CHARCOAL,886.0,1029.0,13.9,143.0,SAMSUNG,Refrigerator,freezer
TOSHIBA GR-RT624WE-PMX(06S) 2 DR FRIDGE (461L) - MORANDI GREY,998.0,1269.0,21.36,271.0,TOSHIBA,Refrigerator,fridge
SAMSUNG 8KG FRONT LOAD WASHING MACHINE ECOBUBBLE™ WW80T534DTT/SP (WHITE),966.0,968.0,0.21,2.0,SAMSUNG,Washing Machine,washing machine
WHIRLPOOL W4 OMSK58RU1SBA 71L W COLLECTION GENTLE STEAM BUILT-IN OVEN,862.0,1069.0,19.36,207.0,WHIRLPOOL,Kitchen Appliance,oven
KARCHER K5 POWER CONTROL HIGH PRESSURE WASHER,728.0,988.0,26.32,260.0,KARCHER,Washing Machine,washer
BLUEAIR DUSTMAGNET™ 5440I WITH COMBO FILTER,966.0,1099.0,12.1,133.0,BLUEAIR,Washing Machine,combo
PANASONIC 13.5KG TOP LOAD WASHER NA-FD135X3BQ,898.0,1409.0,36.27,511.0,PANASONIC,Washing Machine,washer
WHIRLPOOL FWEB10502GW FRONT LOAD WASHER (10.5KG),886.0,1059.0,16.34,173.0,WHIRLPOOL,Washing Machine,washer
ELECTROLUX EDH804H3WB HEAT PUMP DRYER (8KG),940.0,1759.0,46.56,819.0,ELECTROLUX,Washing Machine,dryer
DELONGHI EC9155.M LA SPECIALISTA ARTE PUMP ESPRESSO COFFEE MACHINES,877.0,999.0,12.21,122.0,DELONGHI,Kitchen Appliance,coffee
DELONGHI ECAM220.22.GB MAGNIFICA START FULLY AUTOMATIC COFFEE MACHINE - GREY BLACK,887.0,999.0,11.21,112.0,DELONGHI,Kitchen Appliance,coffee
MIDEA MV12ULTRASGBK ROBOTIC VACUUM & MOP CLEANER,947.0,1199.0,21.02,252.0,MIDEA,Small Appliance,vacuum
Dyson V12 Detect™ Slim Absolute Cordless Vacuum Cleaner,948.0,999.0,5.11,51.0,Dyson,Small Appliance,vacuum
SONY HT-A3000 3.1CH DOLBY ATMOS SOUND BAR,898.0,1329.0,32.43,431.0,SONY,Audio,sound bar
ELECTROLUX EGC3310NVK 30CM DOMINO GAS HOB (EXCLUDE INSTALLATION),950.0,1549.0,38.67,599.0,ELECTROLUX,Kitchen Appliance,hob
MAYER 90CM CHIMNEY COOKER HOOD MMBCH900I (STAINLESS STEEL) - EXCLUDE INSTALLATION,929.02,1299.0,28.48,369.98,MAYER,Kitchen Appliance,hood
IGLOOHOME GATE & DIGITAL DOOR LOCK COMBO 6,965.76,1327.0,27.22,361.24,IGLOOHOME,Washing Machine,combo
PHILIPS 50PQT8169/98 50 IN 4K QLED GOOGLE TV,898.0,1008.0,10.91,110.0,PHILIPS,TV,tv
SAMSUNG RT35CG5444S9SS TOP MOUNT FREEZER REFRIDGERATOR (345L) - REFINED INOX,832.0,1009.0,17.54,177.0,SAMSUNG,Refrigerator,freezer
BERTAZZONI FMOD6093ESB1 60CM BUILT-IN OVEN (76L)/(BLACK GLASS MODERN SERIES),937.0,1280.0,26.8,343.0,BERTAZZONI,Kitchen Appliance,oven
TOSHIBA 10.5KG/7KG FRONT LOAD WASHER DYER COMBO SMART WIFI CONTROL TWD-BM115GF4S (BLACK),1048.0,1419.0,26.15,371.0,TOSHIBA,Washing Machine,washer
PANASONIC NR-TL381BWCS 2 DOOR FRIDGE (364L) -(TOP FREEZER) MATTE BEIGE,1017.0,1019.0,0.2,2.0,PANASONIC,Refrigerator,fridge
PANASONIC NR-TL381BWAS 2 DOOR FRIDGE (364L) -(TOP FREEZER) MATTE NAVY BLUE,1017.0,1019.0,0.2,2.0,PANASONIC,Refrigerator,fridge
SONY SA-RS5 REAR SPEAKER,1015.0,1019.0,0.39,4.0,SONY,Audio,speaker
SONY SA-SW5 SUB WOOFER 300W,1015.0,1019.0,0.39,4.0,SONY,Audio,woofer
HITACHI RBG415P6MSXGBK 2 DR FRIDGE (330L),965.0,1299.0,25.71,334.0,HITACHI,Refrigerator,fridge
Futur Living NOVA Water Purifier (Online Exclusive) Installation Included,1023.0,1499.0,31.75,476.0,Futur,Kitchen Appliance,water purifier
WHIRLPOOL FWEB10502GG SANICARE BRUSHLESS INVERTER MOTOR (10.5KG),987.0,1099.0,10.19,112.0,WHIRLPOOL,Other,Other
PANASONIC 332L 2 DOOR FRIDGE NR-BV361BPKS (BLACK),928.0,1199.0,22.6,271.0,PANASONIC,Refrigerator,fridge
ELECTROLUX EWW9024P3WC FRONT LOAD WASHER AND DRYER (9KG/6KG)  (ULTIMATECARE 300 ),1067.0,1269.0,15.92,202.0,ELECTROLUX,Washing Machine,washer
BOSCH DFS067A51B SILVER METALLIC SLIMLINE HOOD  (60CM) (EXCLUDE INSTALLATION),969.0,2099.0,53.84,1130.0,BOSCH,Kitchen Appliance,hood
SHARP ES-FW914D6 WASHER CUM DRYER -WHITE (9KG/6KG ),1095.0,1169.0,6.33,74.0,SHARP,Washing Machine,washer
WHIRLPOOL 8KG HEATPUMP DRYER FRESHCARE+ HFCX80410 (WHITE),998.0,1399.0,28.66,401.0,WHIRLPOOL,Washing Machine,dryer
TOSHIBA TW-T25BZU115MWS(MG) FRONT LOAD WASHER (10.5KG),1081.0,1349.0,19.87,268.0,TOSHIBA,Washing Machine,washer
ELECTROLUX ETB4600BA 2 DR FRIDGE (431L),1036.0,1799.0,42.41,763.0,ELECTROLUX,Refrigerator,fridge
ELECTROLUX ESA47200SX ULTIMATECARE 300 DISHWASHER - STAINLESS STEEL,1085.0,1499.0,27.62,414.0,ELECTROLUX,Dishwasher,dishwasher
ECOVACS WG821-11-WHITE DEEBOT W2 OMNI ROBOTIC VACUUM CLEANER - WHITE,998.0,1299.0,23.17,301.0,ECOVACS,Small Appliance,vacuum
TECNO 43 BOTTLES WINE CHILLER SW 43,1047.0,1108.0,5.51,61.0,TECNO,Other,Other
WHIRLPOOL 9KG FRONT LOAD WASHING MACHINE FWG91284W,907.0,1109.0,18.21,202.0,WHIRLPOOL,Washing Machine,washing machine
SAMSUNG RT35CB564422SS TOP MOUNT FREEZER REFRIDGERATOR (345L) - CLEAN BLACK,1038.0,1180.0,12.03,142.0,SAMSUNG,Refrigerator,freezer
ASUS VIVOBOOK 14 - 14IN R5 7530U 16GB RAM 512GB SSD WIN 11,749.0,1109.0,32.46,360.0,ASUS,Storage,ssd
PANASONIC NR-TX461CPKS 2 DR FRIDGE (405L) - SPARKLING BLACK,1076.0,1299.0,17.17,223.0,PANASONIC,Refrigerator,fridge
LG A9K-ULTRA HANDSTICK VACUUM CLEANER,1019.0,1324.0,23.04,305.0,LG,Small Appliance,vacuum
BEKO 372L 2 DOOR FRIDGE RDNT371E50VZGB (TOP MOUNT FREEZER),1088.0,1299.0,16.24,211.0,BEKO,Refrigerator,fridge
BEKO RDNT401E50VZK 2 DR FRIDGE (NET 375L),1047.0,1399.0,25.16,352.0,BEKO,Refrigerator,fridge
ELECTROLUX EWF1024D3WC ULTIMATECARE 300 10KG FRONT LOAD WASHER,1031.0,1349.0,23.57,318.0,ELECTROLUX,Washing Machine,washer
Dyson Purifier Big+Quiet Formaldehyde Air Purifier BP03 (Bright Nickel/Prussian Blue),1148.0,1299.0,11.62,151.0,Dyson,Small Appliance,air purifier
SAMSUNG RT42CG6644S9SS Top Mount Freezer Spacemax (410 NET),932.0,1160.0,19.66,228.0,SAMSUNG,Refrigerator,freezer
PANASONIC 10KG HYGIENE CARE FRONT LOAD WASHING MACHINE WITH DRY ASSIST  NA-V10FC1WSG (WHITE),1098.0,1599.0,31.33,501.0,PANASONIC,Washing Machine,washing machine
MITSUBISHI MR-FX47EX-GWH-P 2 DOOR REFRIGERATOR (378L) GLASS WHITE,1175.0,1319.0,10.92,144.0,MITSUBISHI,Refrigerator,refrigerator
PANASONIC NR-BX471CPSS 2 DR FRIDGE (405L),1166.0,1325.0,12.0,159.0,PANASONIC,Refrigerator,fridge
KUVINGS MOTIV1GMETAL SMART JUICER (240W),1056.0,1488.0,29.03,432.0,KUVINGS,Kitchen Appliance,juicer
PANASONIC 9KG HYGIENE CARE FRONT LOAD WASHING MACHINE WITH DRY ASSIST NA-V90FR1BSG (BLACK),1098.0,1439.0,23.7,341.0,PANASONIC,Washing Machine,washing machine
SAMSUNG QA55Q60DAKXXS 55 IN QLED 4K QUANTUM DOT TECHNOLOGY SMART TV,1148.0,1699.0,32.43,551.0,SAMSUNG,TV,tv
SHARP ES-FW914SW FRONT LOAD WASHER -WHITE (9KG),1195.0,1276.0,6.35,81.0,SHARP,Washing Machine,washer
ELECTROLUX EWF9023P5SC ULTIMATECARE 500 9KG FRONT LOAD WASHER,1077.0,1399.0,23.02,322.0,ELECTROLUX,Washing Machine,washer
LG GB-B3443PY 2 DOOR FRIDGE (344L) BOTTOM FREEZER,1188.0,1559.0,23.8,371.0,LG,Refrigerator,fridge
DELONGHI EC9255.M LA SPECIALISTA ARTE EVO - METAL,1057.0,1199.0,11.84,142.0,DELONGHI,Other,Other
CUCKOO CP-MN021W MARVEL WATER PURIFIER,1198.0,1312.0,8.69,114.0,CUCKOO,Kitchen Appliance,water purifier
LG A9T-AUTO HANDSTICK VACUUM CLEANER CORDZERO™ A9 KOMPRESSOR™ WITH ALL-IN-ONE TOWER™,1228.0,1614.0,23.92,386.0,LG,Desktop,all-in-one
ROBOROCK QREVO MAXV WHITE ROBOTIC VACUUM AND MOP CLEANER - WHITE,1098.0,1499.9,26.8,401.9000000000001,ROBOROCK,Small Appliance,vacuum
HITACHI R-S38KPS-BBK 3 DR FRIDGE (329L),1018.0,1349.0,24.54,331.0,HITACHI,Refrigerator,fridge
HITACHI R-S38KPS-CNX 3 DR FRIDGE (329L),1108.0,1349.0,17.87,241.0,HITACHI,Refrigerator,fridge
PANASONIC 14KG TOP LOAD WASHING MACHINE FOR SPEICAL STAIN CARE NA-FD14V1BRQ (BLACK SLIVER),1177.0,1439.0,18.21,262.0,PANASONIC,Washing Machine,washing machine
HITACHI TD-80XFVEM TUMBLE DRYER HEAT PUMP DRYER (8KG),1175.0,1699.0,30.84,524.0,HITACHI,Washing Machine,dryer
PHILIPS 55PQT8169/98 55 IN 4K QLED GOOGLE TV,1098.0,1232.0,10.88,134.0,PHILIPS,TV,tv
PANASONIC 10KG/6KG GENTLE DRY AND HYGIENIC FRONT LOAD WASHER DRYER COMBO NA-S106FC1WS,1198.0,1799.0,33.41,601.0,PANASONIC,Washing Machine,washer
SAMSUNG 9KG/6KG FRONT LOAD WASHER DRYER COMBO ECOBUBBLE™ WD90T634DBN/SP (GRAY),1228.0,1241.0,1.05,13.0,SAMSUNG,Washing Machine,washer
SHARP ES-FW914SB FRONT LOAD WASHER -BLACK (9KG),1247.0,1329.0,6.17,82.0,SHARP,Washing Machine,washer
Dyson Gen5Detect™ Cordless Vacuum Cleaner,1298.0,1399.0,7.22,101.0,Dyson,Small Appliance,vacuum
PANASONIC NA-V10FR1BSG FRONT LOAD WASHER (10KG),1195.0,1739.0,31.28,544.0,PANASONIC,Washing Machine,washer
WHIRLPOOL WWEB11702GG FRONT LOAD WASHER AND DRYER (11KF/7KG),1185.0,1579.0,24.95,394.0,WHIRLPOOL,Washing Machine,washer
HITACHI R-SG38KPS-GBK 3 DR FRIDGE (329L),1213.0,1399.0,13.3,186.0,HITACHI,Refrigerator,fridge
SAMSUNG RT42CB668822SS TOP MOUNT FREEZER REFRIDGERATOR (397L NET) - CLEAN BLACK,1256.0,1332.0,5.71,76.0,SAMSUNG,Refrigerator,freezer
PHILIPS 65PUT7908/98 65 IN 4K UHD GOOGLE LED TV 3 SIDED AMBILIGHT,1148.0,1312.0,12.5,164.0,PHILIPS,TV,tv
PANASONIC NA-S96FC1WSG FRONT LOAD WASHER AND DRYER (9KG/6KG),1276.0,1559.0,18.15,283.0,PANASONIC,Washing Machine,washer
PANASONIC NR-BX471WGKS 2 DR FRIDGE (405L) - BLACK,1276.0,1499.0,14.88,223.0,PANASONIC,Refrigerator,fridge
SENTRYSAFE T0-331 SECURITY SAFE,1248.0,1288.0,3.11,40.0,SENTRYSAFE,Other,Other
TOSHIBA TWD-T25BZU115MWS(MG) FRONT LOAD WASHER AND DRYER (10.5KG/7KG),1118.0,1599.0,30.08,481.0,TOSHIBA,Washing Machine,washer
WHIRLPOOL HWFB9002GW HEAT PUMP DRYER (9KG),1288.0,1529.0,15.76,241.0,WHIRLPOOL,Washing Machine,dryer
BOSCH SKS62E32EU DISHWASHER (EXCLUDE INSTALLATION),1178.0,1499.0,21.41,321.0,BOSCH,Dishwasher,dishwasher
DELONGHI ECAM290.31.SB MAGNIFICA EVO SILVER BLACK FULLY AUTOMACTIC COFFEE MACHINES,998.0,1299.0,23.17,301.0,DELONGHI,Kitchen Appliance,coffee
SHARP FX-S120E-H PUREFIT AIR PURIFIER,1158.0,1595.0,27.4,437.0,SHARP,Small Appliance,air purifier
MAYER MMSO15-RG BUILT-IN COMBI STEAM OVEN 50L - (EXCLUDE INSTALLATION),1288.0,1699.0,24.19,411.0,MAYER,Kitchen Appliance,oven
SHARP ES-FW105SG FRONT LOAD WASHER (10.5KG),1295.0,1395.0,7.17,100.0,SHARP,Washing Machine,washer
LG FV1409S3W FRONT LOAD WASHER (9KG),1303.0,2088.0,37.6,785.0,LG,Washing Machine,washer
PANASONIC 16KG TOP LOAD WASHING MACHINE FOR SPEICAL STAIN CARE NA-FD16V1BRQ (BLACK SLIVER),1311.0,1599.0,18.01,288.0,PANASONIC,Washing Machine,washing machine
PANASONIC NA-S106FR1BS FRONT LOAD WASHER AND DRYER (10KG/6KG),1298.0,1899.0,31.65,601.0,PANASONIC,Washing Machine,washer
BEKO 10KG FREESTANDING FRONT LOAD WASHING MACHINE WTE10744X0D (WHITE),1294.0,1499.0,13.68,205.0,BEKO,Washing Machine,washing machine
PANASONIC 13.5KG TOP LOAD WASHER NA-FD135Z3BQ,1198.0,1519.0,21.13,321.0,PANASONIC,Washing Machine,washer
SAMSUNG RT47CG6444S9SS Top Mount Freezer Spacemax (460 NET),1132.0,1332.0,15.02,200.0,SAMSUNG,Refrigerator,freezer
SHARP ES-FW1014SW FRONT LOAD WASHER -WHITE (10KG),1345.0,1435.0,6.27,90.0,SHARP,Washing Machine,washer
ELECTROLUX EWF1023P5SC ULTIMATECARE 500 10KG FRONT LOAD WASHER,1345.0,1549.0,13.17,204.0,ELECTROLUX,Washing Machine,washer
SONOS SONOS ARC WHITE ARC WHITE TV SOUNDBAR,1697.0,1699.0,0.12,2.0,SONOS,TV,tv
LG 8KG/6KG FRONT LOAD WASHER DRYER FV1408H4V WITH AI DIRECT DRIVE™,1354.0,2169.0,37.57,815.0,LG,Washing Machine,washer
PANASONIC NA-S96FR1BSG FRONT LOAD WASHER AND DRYER (9KG/6KG),1224.0,1679.0,27.1,455.0,PANASONIC,Washing Machine,washer
ELECTROLUX EWW1023P5SC FRONT LOAD WASHER AND DRYER (10KG/7KG)/(ULTIMATECARE 500),1228.0,1599.0,23.2,371.0,ELECTROLUX,Washing Machine,washer
ELECTROLUX EDH803J5WC ULTIMATECARE 500 HEAT PUMP DRYER (8KG),1395.0,1599.0,12.76,204.0,ELECTROLUX,Washing Machine,dryer
TOSHIBA TWD-T25BZU105MWS(MG) FRONT LOAD WASHER AND DRYER (9.5KG/7KG),1038.0,1399.0,25.8,361.0,TOSHIBA,Washing Machine,washer
ECOVACS DEX86-COMBO-BLACK DEEBOT X2 COMBO ROBOTIC AND HANDHELD VACUUM CLEANER - BLACK,1349.0,2199.0,38.65,850.0,ECOVACS,Washing Machine,combo
MITSUBISHI MR-FS51EX-SSL-P 2 DOOR REFRIGERATOR (415L),1415.0,1619.0,12.6,204.0,MITSUBISHI,Refrigerator,refrigerator
LG A9T-ULTRA HANDSTICK VACUUM CLEANER,1411.0,1816.0,22.3,405.0,LG,Small Appliance,vacuum
SAMSUNG RT47CB668622SS TOP MOUNT FREEZER REFRIDGERATOR (447L NET) - CLEAN BLACK,1418.0,1433.0,1.05,15.0,SAMSUNG,Refrigerator,freezer
SAMSUNG 325L 2 DOOR FRIDGE RB34T6054B1/SS SPACEMAX™ (BOTTOM MOUNT FREEZER),1418.0,1433.0,1.05,15.0,SAMSUNG,Refrigerator,fridge
SAMSUNG RB45DG600EB1SS BOTTOM FREEZER FRIDGE (458L),1434.0,1483.0,3.3,49.0,SAMSUNG,Refrigerator,fridge
SONY K-50S30 50IN BRAVIA 4K HDR TRILUMINOS PRO TV,1398.0,1599.0,12.57,201.0,SONY,TV,tv
SONY 65 INCH X75K 4K TV,1447.0,2039.0,29.03,592.0,SONY,TV,tv
LG FV1410H3BA FRONT LOAD WASHER AND DRYER (10/6KG),1838.0,2618.0,29.79,780.0,LG,Washing Machine,washer
LG 408L 2 DOOR FRIDGE WITH SMART INVERTER COMPRESSOR GB-B4059PZ (BOTTOM FREEZER),1348.0,1864.0,27.68,516.0,LG,Refrigerator,fridge
ELECTROLUX EDH803J5SC HEAT PUMP DRYER (8KG)/ULTIMATECARE 500,1435.0,1679.0,14.53,244.0,ELECTROLUX,Washing Machine,dryer
LG 65QNED80TSA.ATC 65 IN QNED AI THINQ AI SMART TV,1398.0,1999.0,30.07,601.0,LG,TV,tv
DELONGHI ECAM290.81.TB FULLY AUTOMATIC COFFEE MACHINES - MAGNIFICA EVO MILK TITANIUM,1287.0,1499.0,14.14,212.0,DELONGHI,Kitchen Appliance,coffee
ROBOROCK S8 MAXV ULTRA BLACK ROBOTIC WET AND DRY VACUUM - BLACK,1398.0,1699.9,17.76,301.9000000000001,ROBOROCK,Small Appliance,vacuum
SAMSUNG WW95BB944DGBSP FRONT LOAD WASHER (9.5KG),1497.0,1513.0,1.06,16.0,SAMSUNG,Washing Machine,washer
SHARP ES-FW105D7PS FRONT LOAD WASHER AND DRYER (10.5KG/7KG),1511.0,1610.0,6.15,99.0,SHARP,Washing Machine,washer
SHARP SJ-PG51P2-DS 2 DR FRIDGE (512L),1397.0,1610.0,13.23,213.0,SHARP,Refrigerator,fridge
FISHER & PAYKEL 90CM WALL RANGEHOOD BOX CHIMNEY HC90DCXB3 (STAINLESS STEEL AND GLASS) - EXCLUDE INSTALLATION,1500.0,1514.0,0.92,14.0,FISHER,Other,Other
WHIRLPOOL FWMD10502GW FRONT LOAD WASHER (10.5KG),1406.0,1519.0,7.44,113.0,WHIRLPOOL,Washing Machine,washer
LG GT-M5093BL 2 DR FRIDGE (506L) - BLACK STEEL,1468.0,1927.0,23.82,459.0,LG,Refrigerator,fridge
PHILIPS 65PQT8169/98 65 IN 4K QLED GOOGLE TV,1398.0,1569.0,10.9,171.0,PHILIPS,TV,tv
MITSUBISHI MR-CGX46EX-GBR-P 3 DOOR REFRIGERATOR (361L) GLASS BROWN,1575.0,1719.0,8.38,144.0,MITSUBISHI,Refrigerator,refrigerator
BOSCH 9KG HEAT PUMP TUMBLE DRYER SRIES 6 WQG24200SG,1595.0,2699.0,40.9,1104.0,BOSCH,Washing Machine,dryer
ELECTROLUX EWF1143R7SC ULTIMATECARE 700 11KG FRONT LOAD WASHER,1456.0,1799.0,19.07,343.0,ELECTROLUX,Washing Machine,washer
SAMSUNG RT53DG7A6CB1SS TOP MOUNT FRIDGE - BLACK DOI (530l),1580.0,1599.0,1.19,19.0,SAMSUNG,Refrigerator,fridge
WHIRLPOOL 10.5KG FRONT LOAD WASHER OXYCARE FWMD10502GG,1587.0,1619.0,1.98,32.0,WHIRLPOOL,Washing Machine,washer
BLUEAIR AIR PURIFIER HEALTHPROTECT™ 7470I WITH SMARTFILTER,1600.0,1799.0,11.06,199.0,BLUEAIR,Small Appliance,air purifier
PANASONIC NH-EH10JD1WS HEAT PUMP DRYER (10KG),1598.0,1799.0,11.17,201.0,PANASONIC,Washing Machine,dryer
PANASONIC NA-S157FW1BS FRONT LOAD WASHER WITH DRYER-BLACK (11.5KG WASH/7KG DRY),1663.0,1699.0,2.12,36.0,PANASONIC,Washing Machine,washer
MITSUBISHI MR-F62EX-BRW-P 2 DOOR REFRIGERATORS (510L) BROWN,1528.0,1819.0,16.0,291.0,MITSUBISHI,Refrigerator,refrigerators
LG FV1410H3W FRONT LOAD WASHER AND DRYER (10/6KG),1578.0,2526.0,37.53,948.0,LG,Washing Machine,washer
LG 27ART10CKPL.ATC 27 IN STANBYME GEN2,1598.0,1799.0,11.17,201.0,LG,Other,Other
SAMSUNG WW11CB944DGHSP FRONT LOAD WASHER (11KG),1695.0,1699.0,0.24,4.0,SAMSUNG,Washing Machine,washer
SHARP SJ-PG60P2-BK 2 DR FRIDGE (600L),1627.0,1824.0,10.8,197.0,SHARP,Refrigerator,fridge
WHIRLPOOL FWMD10512GW FRONT LOAD WASHER (10.5KG),1618.0,1899.0,14.8,281.0,WHIRLPOOL,Washing Machine,washer
LG DFC425FM DISHWASHER (EXCLUDE INSTALLATION),1598.0,2391.0,33.17,793.0,LG,Dishwasher,dishwasher
KADEKA KM40WBC WINE CHILLER (54 CANS + 25 BOTTLES),1679.0,1788.0,6.1,109.0,KADEKA,Other,Other
ELECTROLUX EWW1143R7SC FRONT LOAD WASHER AND DRYER (11KG/7KG)/(ULTIMATECARE 700),1658.0,1999.0,17.06,341.0,ELECTROLUX,Washing Machine,washer
BOSCH 10KG FRONT LOAD WASHER WGA25400SG,1795.0,3099.0,42.08,1304.0,BOSCH,Washing Machine,washer
SAMSUNG VR7MD96514G/SP BESPOKE JET BOT STEAM COMBO+ ROBOT VACUUM CLEANER,1598.0,1799.0,11.17,201.0,SAMSUNG,Washing Machine,combo
SAMSUNG 647L 2 DOOR SIDE BY SIDE FRIDGE RS62R5004M9 SPACEMAX™,1832.0,1836.0,0.22,4.0,SAMSUNG,Refrigerator,fridge
SAMSUNG 315L ALL-AROUND COOLING 1 DOOR FREEZER RZ32M71157F/SS (SILVER),1834.0,1836.0,0.11,2.0,SAMSUNG,Refrigerator,freezer
KADEKA KS54TL WINE CHILLER (54 BOTTLES),1723.0,1838.0,6.26,115.0,KADEKA,Other,Other
MITSUBISHI MR-CGX56EX-GWH-P 3 DOOR REFRIGERATOR (446L) GLASS WHITE,1845.0,1969.0,6.3,124.0,MITSUBISHI,Refrigerator,refrigerator
MITSUBISHI MR-CGX56EX-GBK-P 3 DOOR REFRIGERATOR (446L) GLASS BLACK,1845.0,1969.0,6.3,124.0,MITSUBISHI,Refrigerator,refrigerator
ASUS 14 IN OLED R7 7730U 16GB RAM 512GB SSD,1599.0,1866.0,14.31,267.0,ASUS,TV,oled
ASUS ZENBOOK 14 OLED - 14IN R7 7730U 16GB RAM 1TB SSD WIN 11,1599.0,1866.0,14.31,267.0,ASUS,TV,oled
ELECTROLUX EDH903R7SC HEAT PUMP DRYER (9KG)/ULTIMATECARE 700,1795.0,2079.0,13.66,284.0,ELECTROLUX,Washing Machine,dryer
SAMSUNG 9KG HEAT PUMP DRYER DV90T8240SH/SP (WHITE),1883.0,1887.0,0.21,4.0,SAMSUNG,Washing Machine,dryer
BERTAZZONI FMOD6115ELB1 60CM BUILT-IN OVEN (76L)/(BLACK GLASS MODERN SERIES),1754.0,2518.0,30.34,764.0,BERTAZZONI,Kitchen Appliance,oven
BOSCH WGG25401SG FRONT LOAD WASHER (10KG),1895.0,5099.0,62.84,3204.0,BOSCH,Washing Machine,washer
BOSCH WQG24570SG HEAT PUMP DRYER (9KG),1895.0,2899.0,34.63,1004.0,BOSCH,Washing Machine,dryer
BOSCH WQG24570SG HEAT PUMP DRYER (9KG),1895.0,2899.0,34.63,1004.0,BOSCH,Washing Machine,dryer
WHIRLPOOL HWMB9002GW HEAT PUMP DRYER (9KG),1796.0,2499.0,28.13,703.0,WHIRLPOOL,Washing Machine,dryer
BOSCH FREESTANDING DISHWASHER SERIES 2 SMS2HAI12E (SILVER INOX) - EXCLUDE INSTALLATION,1895.0,2099.0,9.72,204.0,BOSCH,Dishwasher,dishwasher
BERTAZZONI WALL MOUND HOOD (60CM) K60TUKXA (EXCLUDE INSTALLATION),1789.0,1908.0,6.24,119.0,BERTAZZONI,Kitchen Appliance,hood
LG TD-H10VWD HEAT PUMP DRYER (10KG),1908.0,2710.0,29.59,802.0,LG,Washing Machine,dryer
SONY K-65S30 65IN BRAVIA 4K HDR TRILUMINOS PRO TV,1798.0,2399.0,25.05,601.0,SONY,TV,tv
MICROSOFT ZGM-00054 SURFACE LAPTOP (7TH EDITION) 13IN 512GB C10 16GB GRAPHITE,1850.0,1948.0,5.03,98.0,MICROSOFT,Laptop,laptop
SAMSUNG WW12BB944DGBSP BESPOKE FRONTLOAD WASHER (12KG),1948.0,1967.0,0.97,19.0,SAMSUNG,Washing Machine,washer
SAMSUNG UA85DU7000KXXS 85 IN UHD 4K CRYSTAL PROCESSOR SMART TV,1898.0,2999.0,36.71,1101.0,SAMSUNG,TV,tv
PHILIPS 65PQT8369/98 65 IN 4K QLED GOOGLE TV,1798.0,1999.0,10.06,201.0,PHILIPS,TV,tv
BOSCH 10KG FRONT LOAD WASHING MACHINE WGG254A0SG,1748.0,4299.0,59.34,2551.0,BOSCH,Washing Machine,washing machine
ELECTROLUX EWW1343R7SC FRONT LOAD WASHER AND DRYER (13/9KG)/(ULTIMATECARE 700),1847.0,2199.0,16.01,352.0,ELECTROLUX,Washing Machine,washer
LG GTM5967BL 2 DR FRIDGE (592L) - BLACK,1948.0,2628.0,25.88,680.0,LG,Refrigerator,fridge
ASUS UX3405MA-QD091W ZENBOOK 14 - 14IN FHD OLED INTEL ULTRA 7 155H 32GB RAM 1TB SSD,1899.0,2199.0,13.64,300.0,ASUS,TV,oled
DELONGHI EXAM440.55.BG RIVELIA AUTOMATIC COFFEE MAKERS - SAND BEIGE,1787.0,1999.0,10.61,212.0,DELONGHI,Kitchen Appliance,coffee
CUCKOO CP-XN501HM XCEL GREEN WATER PURIFIER,1997.0,2112.0,5.45,115.0,CUCKOO,Kitchen Appliance,water purifier
PANASONIC NAD106X1WS3 FRONT LOAD WASHER AND DRYER (10KG/6KG),1897.0,2299.0,17.49,402.0,PANASONIC,Washing Machine,washer
BLUEAIR AIR PURIFIER HEALTHPROTECT™ 7770I WITH SMARTFILTER,2045.0,2299.0,11.05,254.0,BLUEAIR,Small Appliance,air purifier
LG FV1411H2B FRONT LOAD WASHER AND DRYER (11/7KG),1858.0,2821.0,34.14,963.0,LG,Washing Machine,washer
LG FV1413H2BA FRONT LOAD WASHER AND DRYER (13KG/8KG),2048.0,2913.0,29.69,865.0,LG,Washing Machine,washer
PHILIPS 75PQT8169/98 75 IN 4K QLED GOOGLE TV,1898.0,2129.0,10.85,231.0,PHILIPS,TV,tv
SAMSUNG DV10BB9440GBSP HEATPUMP DRYER (10KG),1898.0,2149.0,11.68,251.0,SAMSUNG,Washing Machine,dryer
MICROSOFT ZGP-00070 SURFACE LAPTOP (7TH EDITION) 13IN 512GB C12 16GB SAPPHIRE,2078.0,2188.0,5.03,110.0,MICROSOFT,Laptop,laptop
MICROSOFT ZGP-00054 SURFACE LAPTOP (7TH EDITION) 13IN 512GB C12 16GB GRAPHITE,2078.0,2188.0,5.03,110.0,MICROSOFT,Laptop,laptop
SAMSUNG DV10DB94A0GDSP BESPOKE HEATPUMP DRYER (10KG),2048.0,2199.0,6.87,151.0,SAMSUNG,Washing Machine,dryer
SAMSUNG RF49C5103S9/SS FRENCH DR FRIDGE (550L) - REFINED INOX,2174.0,2199.0,1.14,25.0,SAMSUNG,Refrigerator,fridge
SAMSUNG RF49C5103B1/SS FRENCH DR FRIDGE (550L) - BLACK DOI,2195.0,2199.0,0.18,4.0,SAMSUNG,Refrigerator,fridge
LG GS-B6473EP SIDE BY SIDE FRIDGE (647L) - ESSENCE MATTE BLACK,2272.0,2939.0,22.69,667.0,LG,Refrigerator,fridge
KADEKA KN110WR WINE CHILLER (121 BOTTLES),2196.0,2338.0,6.07,142.0,KADEKA,Other,Other
MICROSOFT ZHH-00043 SURFACE LAPTOP (7TH EDITION) 15IN 512GB C12 16GB GRAPHITE,2230.0,2348.0,5.03,118.0,MICROSOFT,Laptop,laptop
PANASONIC NR-YW590YMMS 4 DR FRIDGE (537L),2198.0,3099.0,29.07,901.0,PANASONIC,Refrigerator,fridge
MICROSOFT ZXX-00054 SURFACE LAPTOP (7TH EDITION) 13IN 1TB C12 16GB GRAPHITE,2363.0,2488.0,5.02,125.0,MICROSOFT,Laptop,laptop
SONY K-75S30 75IN BRAVIA 4K HDR TRILUMINOS PRO TV,2298.0,3799.0,39.51,1501.0,SONY,TV,tv
PHILIPS 75PQT8369/98 75 IN 4K QLED GOOGLE TV,2298.0,2499.0,8.04,201.0,PHILIPS,TV,tv
MIDEA ML19F100D80W + ML19F100D80W-D LAUNDRY SUITE WASHER (10KG) / DRYER (8KG),2198.0,2499.0,12.04,301.0,MIDEA,Washing Machine,washer
DELONGHI ECAM450.65.S ELETTA EXPLORE AUTOMATIC COFFEE MAKERS - SILVER,2187.0,2499.0,12.48,312.0,DELONGHI,Kitchen Appliance,coffee
PANASONIC TK-AS700-WEX SAFE ALKALINE IONIZED WATER,2542.0,2999.0,15.24,457.0,PANASONIC,Other,Other
BOSCH WQB245B0SG HEAT PUMP DRYER (9KG),2396.0,4399.0,45.53,2003.0,BOSCH,Washing Machine,dryer
SAMSUNG QA55LS03DAKXXS 55 IN FRAME QLED QUANTUM DOT TECHNOLOGY SMART TV,2448.0,3199.0,23.48,751.0,SAMSUNG,TV,tv
LG F2721HVRB FRONT LOAD WASHER AND DRYER (21KG/12KG),2598.0,3673.0,29.27,1075.0,LG,Washing Machine,washer
BOSCH SEMI-INTEGRATED DISHWASHER SERIES 4 SMI4HCS48E (STAINLESS STEEL) - EXCLUDE INSTALLATION,2498.0,2799.0,10.75,301.0,BOSCH,Dishwasher,dishwasher
MICROSOFT ZYT-00043 SURFACE LAPTOP (7TH EDITION) 15IN 1TB C12 16GB GRAPHITE,2515.0,2648.0,5.02,133.0,MICROSOFT,Laptop,laptop
KADEKA KSC-1100I BEVERAGE SHOWCASE (830L),2535.0,2698.0,6.04,163.0,KADEKA,Other,Other
SONY XR-65X90L 65IN BRAVIA XR FULL ARRAY LED 4K UHD SMART GOOGLE TV,2598.0,4039.0,35.68,1441.0,SONY,TV,tv
LA GERMANIA RI64C61BX 60CM STANDING COOKER (STAINLESS STEEL),2644.0,2818.0,6.17,174.0,LA,Other,Other
LA GERMANIA RI64C61BXR 60CM STANDING COOKER (RED),2654.0,2818.0,5.82,164.0,LA,Other,Other
LA GERMANIA RI64C61BXB 60CM STANDING COOKER (BLUE),2654.0,2818.0,5.82,164.0,LA,Other,Other
KADEKA KN168EWS SOLID STEEL DOOR WINE CHILLER (165 BOTTLES),2835.0,3018.0,6.06,183.0,KADEKA,Other,Other
SAMSUNG RF59A70T4S9/SS MULTI DOOR REFRIGERATOR (NETT 593L),2598.0,3027.0,14.17,429.0,SAMSUNG,Refrigerator,refrigerator
SAMSUNG NV7B6675CAA/SP BUILT-IN OVEN (76L )/BESPOKE DESIGN,3064.0,3128.0,2.05,64.0,SAMSUNG,Kitchen Appliance,oven
TECNO 90CM DOWNDRAFT COOKER HOOD ISA 3890 (BLACK TEMPERED GLASS WITH STAINLESS STEEL) - EXCLUDE INSTALLATION,2786.0,3138.0,11.22,352.0,TECNO,Kitchen Appliance,hood
MITSUBISHI MR-B46G-W-P 5 DOOR REFRIGERATOR (447L) GLASS WHITE,3143.0,3539.0,11.19,396.0,MITSUBISHI,Refrigerator,refrigerator
PHILIPS 86PQT8369/98 86 IN 4K QLED GOOGLE TV,2998.0,3299.0,9.12,301.0,PHILIPS,TV,tv
ELECTROLUX KOAAS31X 60CM ULTIMATETASTE 900 BUILT-IN SINGLE OVEN WITH 70L CAPACITY (EXCLUDE INSTALLATION),2975.0,5619.0,47.05,2644.0,ELECTROLUX,Kitchen Appliance,oven
BOSCH FULLY-INTEGRATED DISHWASHER SERIES 6 SMV6ZCX42E (WHITE) - EXCLUDE INSTALLATION,3208.0,3599.0,10.86,391.0,BOSCH,Dishwasher,dishwasher
KADEKA KSF-460I UPRIGHT FREZZER (460L),3135.0,3488.0,10.12,353.0,KADEKA,Other,Other
SONY K-65XR70 65IN BRAVIA 4K HDR MINI LED 65 TV,3398.0,4999.0,32.03,1601.0,SONY,TV,tv
SAMSUNG QA65LS03DAKXXS 65 IN FRAME QLED QUANTUM DOT TECHNOLOGY SMART TV,3348.0,4299.0,22.12,951.0,SAMSUNG,TV,tv
FISHER & PAYKEL 37L COMBINATION MICROWAVE OVEN OM60NDBB1 (BLACK) - EXCLUDE INSTALLATION,3499.0,3533.0,0.96,34.0,FISHER,Kitchen Appliance,microwave
FISHER & PAYKEL 37L COMBINATION MICROWAVE OVEN OM60NDB1 (STAINLESS STEEL) - EXCLUDE INSTALLATION,3500.0,3533.0,0.93,33.0,FISHER,Kitchen Appliance,microwave
SAMSUNG QA65QN87DAKXXS 65 IN NEO QLED QUANTUM MINI LED SMART TV,3498.0,4699.0,25.56,1201.0,SAMSUNG,TV,tv
MITSUBISHI MR-WX47LG-F-P 6 DOOR REFRIGERATOR (461L) GLASS BEIGE,3493.0,3939.0,11.32,446.0,MITSUBISHI,Refrigerator,refrigerator
BOSCH FREESTANDING DISHWASHER SERIES 8 SMS8YCI01E (SILVER INOX) - EXCLUDE INSTALLATION,2978.0,3799.0,21.61,821.0,BOSCH,Dishwasher,dishwasher
KADEKA KM80WBC WINE CHILLER (144 CANS + 81 BOTTLES),3787.0,3798.0,0.29,11.0,KADEKA,Other,Other
KADEKA KM80WC WINE CHILLER (149 BOTTLES),3787.0,3798.0,0.29,11.0,KADEKA,Other,Other
SONY K-85S30 85IN BRAVIA 4K HDR TRILUMINOS PRO TV,3598.0,5799.0,37.95,2201.0,SONY,TV,tv
BERTAZZONI FMOD6117CTB1 60CM BUILT-IN STEAM OVEN (76L)/(BLACK GLASS MODERN SERIES),3516.0,4378.0,19.69,862.0,BERTAZZONI,Kitchen Appliance,oven
MITSUBISHI MR-WX52G-BR-P 6 DOOR REFRIGERATOR (507L) GLASS BROWN,3883.0,4449.0,12.72,566.0,MITSUBISHI,Refrigerator,refrigerator
PHILIPS 65OLED807/98 65 IN 4K OLED ANDROID TV,4048.0,4645.0,12.85,597.0,PHILIPS,TV,tv
SAMSUNG RF62DB9KA5APSS BESPOKE 4 DR FRIDGE (619L),4497.0,4499.0,0.04,2.0,SAMSUNG,Refrigerator,fridge
MITSUBISHI MR-WX60G-F-P 6 DOOR REFRIGERATORS (588L) GLASS BEIGE,4663.0,5259.0,11.33,596.0,MITSUBISHI,Refrigerator,refrigerators
MITSUBISHI MR-WX60G-BR-P 6 DOOR REFRIGERATOR (588L) GLASS BROWN,4663.0,5259.0,11.33,596.0,MITSUBISHI,Refrigerator,refrigerator
BOSCH HBG6764S6B BUILT IN OVEN (71L) (EXCLUDE INSTALLATION),4696.0,4999.0,6.06,303.0,BOSCH,Kitchen Appliance,oven
HISENSE HS100Q7N 100 INCH Q7N 4K QLED SMART TV,4798.0,6599.0,27.29,1801.0,HISENSE,TV,tv
SAMSUNG QA75LS03DAKXXS 75 IN FRAME QLED QUANTUM DOT TECHNOLOGY SMART TV,4898.0,5999.0,18.35,1101.0,SAMSUNG,TV,tv
SAMSUNG WD25DB8995BZSP BESPOKE FRONT COMBO WITH HEATPUMP,5348.0,5499.0,2.75,151.0,SAMSUNG,Washing Machine,combo
HITACHI R-GWC670TS-XK 6 DR FRIDGE (525L) - CRYSTAL BLACK,5598.0,5899.0,5.1,301.0,HITACHI,Refrigerator,fridge
HITACHI R-GWC670TS-XM 6 DR FRIDGE (525L) - MIRROR MAUVE GRAY,5718.0,6099.0,6.25,381.0,HITACHI,Refrigerator,fridge
SAMSUNG QA75QN87DAKXXS 75 IN NEO QLED QUANTUM MINI LED SMART TV,5498.0,6899.0,20.31,1401.0,SAMSUNG,TV,tv
SAMSUNG QA75QN90DAKXXS 75 IN NEO QLED QUANTUM MINI LED SMART TV,6298.0,7899.0,20.27,1601.0,SAMSUNG,TV,tv
SAMSUNG QA85LS03DAKXXS 85 IN FRAME QLED QUANTUM DOT TECHNOLOGY SMART TV,6698.0,8299.0,19.29,1601.0,SAMSUNG,TV,tv
KADEKA KE135TL WINE CHILLER (133 BOTTLES),7498.0,7980.0,6.04,482.0,KADEKA,Other,Other
LG OLED77C4PSA.ATC 77 IN OLED EVO TV,7898.0,7999.0,1.26,101.0,LG,TV,tv
SAMSUNG QA85QN87DAKXXS 85 IN NEO QLED QUANTUM MINI LED SMART TV,7998.0,9799.0,18.38,1801.0,SAMSUNG,TV,tv
SONY XR-75X95L 75 IN 4K HDR GOOGLE TV - DVBT2,6698.0,10092.0,33.63,3394.0,SONY,TV,tv
SAMSUNG QA77S95DAKXXS 77 IN OLED QUANTUM HDR OLED PLUS SMART TV,9946.0,11899.0,16.41,1953.0,SAMSUNG,TV,tv
LG OLED83G4PSA.ATC 83 IN OLED EVO TV,13898.0,13999.0,0.72,101.0,LG,TV,tv
ELECOM MPA-FAMB2U12CDR COLORFUL MICROUSB CABLE ORANGE/1.2M,9.9,0.0,0.0,0.0,ELECOM,Accessories,cable
ELECOM WC-AG30N CLEANING WET TISSUE  30PCS BOT TLE/ANTI BACTERIAL,9.9,0.0,0.0,0.0,ELECOM,Other,Other
AELB 1166AL-RS004-6NC JAPANESE DEEP CASSEROLE WITHOUT LID - 16.5 X H9CM,10.0,12.0,16.67,2.0,AELB,Other,Other
ELECOM MPA-FAMBS2U12BK MICROUSB CABLE/1.2M DURABLE AND STURDY/BLACK,10.9,0.0,0.0,0.0,ELECOM,Accessories,cable
KARCHER MULTI-PURPOSE FLOOR CLEANING AGENT 500ML MULTI-PURPOSE FLOOR CLEAN (500ML),15.0,0.0,0.0,0.0,KARCHER,Other,Other
DREAME DM-GLMNOZZ-YL	 GLEAM SMOOTHING NOZZLE - YELLOW,15.9,19.9,20.1,3.9999999999999982,DREAME,Other,Other
KARCHER 28630060 DUSTBAG - MV4,18.0,0.0,0.0,0.0,KARCHER,Other,Other
TR-028 SLEEP EARPLUGS-BG SLEEP EARPLUGS-BEIGE,19.0,0.0,0.0,0.0,TR-028,Other,Other
TR-028 SLEEP EARPLUGS-BK SLEEP EARPLUGS-BLACK,19.0,0.0,0.0,0.0,TR-028,Other,Other
TRAVEL JOY SUSHI TRAVEL PILLOW (DEEP BLUE SKY),20.95,0.0,0.0,0.0,TRAVEL,Other,Other
ELECOM MPA-CC5PS20BK USB Type-C to USB Type-C cable/USB Power Delivery 100W/2M,23.9,0.0,0.0,0.0,ELECOM,Accessories,cable
MASTERPLUG SWSRG42NB-MPA 13A 4 GANG INDIVIDUAL W/SURGE (BLACK),23.9,0.0,0.0,0.0,MASTERPLUG,Other,Other
FLUJO FJ-AH-21-B 2 IN 1 USB AUDIO ADAPTER BLACK,24.0,0.0,0.0,0.0,FLUJO,Audio,audio
PHILIPS DLP9210/00 10W QI CHARGER,24.9,39.9,37.59,15.0,PHILIPS,Accessories,charger
KARCHER 9.754070.0/2.863237.0 HEPA FILTER 13 FOR VC 2,28.0,0.0,0.0,0.0,KARCHER,Other,Other
PRESTIGE 20844 SAUCEPAN 16CM W/COVER PRESTIGE,29.0,0.0,0.0,0.0,PRESTIGE,Kitchen Appliance,saucepan
"MASTERPLUG SRGAUAC22PB SURGE ADAPTOR , FAST CHARGE USB A & C BLACK",29.9,59.9,50.08,30.0,MASTERPLUG,Other,Other
LA GOURMET LGSM361295 LA GOURMET SHOGUN ZEN 24CM TEMPURA WOK,29.9,69.9,57.22,40.00000000000001,LA,Other,Other
MASTERPLUG SRGLSU63PW-MPA 6 SOCKET IN LINE SURGE 2 X USB (3.1A) WITH 3M CABLE,34.9,39.9,12.53,5.0,MASTERPLUG,Accessories,cable
CYGNETT CY4662PCCAL ARMOURED LIGHTNING TO USB-A CABLE - BLACK 3M,35.9,0.0,0.0,0.0,CYGNETT,Accessories,cable
JBL JR310 BLUE KIDS ON-EAR JUNIOR WIRED HEADPHONE,36.0,42.0,14.29,6.0,JBL,Audio,headphone
CREATIVE 51MF8365AA000 MUVO PLAY BLACK,39.0,59.0,33.9,20.0,CREATIVE,Other,Other
HAGERTY HOUSEHOLD CARE LEATHER CARE (BL) 250ML,39.9,49.9,20.04,10.0,HAGERTY,Other,Other
PHILIPS AWP2712BLR/97 HYDRATION BOTTLE GOZERO ACTIVE,40.0,0.0,0.0,0.0,PHILIPS,Other,Other
MEYER 15401 BROWN SUGAR CHEFPAN (20CM),49.0,0.0,0.0,0.0,MEYER,Other,Other
OSIM OS141C UMASK (CAT) EYE MASSAGER,49.0,0.0,0.0,0.0,OSIM,Other,Other
LG PWKSUW01 WAP UV CASING,49.0,203.0,75.86,154.0,LG,Other,Other
CORNELL CHBE600CW HAND BLENDER (600W),49.9,109.0,54.22,59.1,CORNELL,Kitchen Appliance,blender
JBL T290 SILVER IN EAR HEADPHONE,50.0,0.0,0.0,0.0,JBL,Audio,headphone
ELECOM MPA-CHDMI20BK USB C  -HDMI 2M,54.9,0.0,0.0,0.0,ELECOM,Other,Other
PANASONIC SRY10FGERSH RICE COOKER (1L),56.0,64.9,13.71,8.900000000000006,PANASONIC,Kitchen Appliance,rice cooker
INNERGIE ADP-45KW WDA 45W USB-C POWER ADAPTER (UK),59.9,0.0,0.0,0.0,INNERGIE,Accessories,adapter
ROMMELSBACHER EKM150 COFFEE GRINDER,62.0,79.0,21.52,17.0,ROMMELSBACHER,Kitchen Appliance,coffee
PRESTIGE 76694 STAINLESS STEEL FRYPAN (24CM),64.0,90.0,28.89,26.0,PRESTIGE,Kitchen Appliance,frypan
UGREEN 90409 GAN 65W 2C1A FAST CHARGER (3-PORT) WITH EU/UK/US PLUGS,69.9,0.0,0.0,0.0,UGREEN,Accessories,charger
MEYER 22083 24CM DUTCH OVEN CASSAROLE POT,70.0,97.0,27.84,27.0,MEYER,Kitchen Appliance,oven
DAIKIN 2522962 - BIO-ANTIBODY FILTER BIO-ANTIBODY FILTER,72.0,81.0,11.11,9.0,DAIKIN,Other,Other
LADYWELL DINING CHAIR,79.0,399.0,80.2,320.0,LADYWELL,Furniture,chair
ELECOM USB4-CCPE10NBK USB 4 C - C CABLE PD 240W 1M,79.9,0.0,0.0,0.0,ELECOM,Accessories,cable
LOGITECH 920-010577 KEYBOARD LOGI POP KEYS WL BT MECH KB BLAST YELLOW,88.0,169.0,47.93,81.0,LOGITECH,Accessories,keyboard
SONY WF-C500/DZE (ORANGE) SONY WIRELESS HEADPHONE,89.0,149.0,40.27,60.0,SONY,Audio,headphone
PHILIPS TAS3505/00 BLUETOOTH SPEAKER (BLACK),91.0,140.0,35.0,49.0,PHILIPS,Audio,speaker
BECKENHAM DINING CHAIR,99.0,429.0,76.92,330.0,BECKENHAM,Furniture,chair
NEVIO DINING CHAIR,99.0,499.0,80.16,400.0,NEVIO,Furniture,chair
GOPRO ACDBD-001-EU MAX DUAL BATTERY CHARGER BATTERY,100.9,0.0,0.0,0.0,GOPRO,Camera,gopro
PHILIPS TAPR702/98 CLOCK WITH QI CHARGING (BLACK),101.0,140.0,27.86,39.0,PHILIPS,Other,Other
J5CREATE JCA365 USB-C® TO DUAL HDMI™ MULTI-MONITOR ADAPTER,109.9,111.0,0.99,1.0999999999999943,J5CREATE,Monitor,monitor
EUROPACE TWIN TURBO POWER FLOOR FAN (18 INCH) EPF 2183U,111.0,129.0,13.95,18.0,EUROPACE,Small Appliance,fan
PHILIPS 223V7QHSB/69 21.5 IN FHD MONITOR,112.0,209.0,46.41,97.0,PHILIPS,Monitor,monitor
TEFAL G13545 SO CHEF STEWPOT WIITH LID 22CM,116.0,0.0,0.0,0.0,TEFAL,Other,Other
MOTOROLA T62 WALKIE TALKIE (8KM),128.0,0.0,0.0,0.0,MOTOROLA,Other,Other
JAXON SIDE TABLE (GREY STONE),139.0,279.0,50.18,140.0,JAXON,Furniture,table
WARNER DINING CHAIR,139.0,199.0,30.15,60.0,WARNER,Furniture,chair
PHILIPS TAS5505/00 BLUETOOTH SPEAKER (BLACK),142.0,191.0,25.65,49.0,PHILIPS,Audio,speaker
MICROSOFT 6GQ-01143 365 FAMILY 1 YEAR SUBSCRIPTION,148.0,0.0,0.0,0.0,MICROSOFT,Other,Other
IRIS OHYAMA IC-FAC3 Silver MATTRESS CLEANER 7000 BEATS,149.0,189.0,21.16,40.0,IRIS,Vacuum,cleaner
NICO DINING CHAIR (SL GREY),149.0,219.0,31.96,70.0,NICO,Furniture,chair
ARWEN PULL OUT BED WHITE,149.0,219.0,31.96,70.0,ARWEN,Furniture,bed
OSIM OS1224 UGLOW PORECARE PORE VACUUM FACIAL DEVICE,159.0,179.0,11.17,20.0,OSIM,Small Appliance,vacuum
PHILIPS PPM1321LB/97 MASSAGER HEADBAND,159.0,0.0,0.0,0.0,PHILIPS,Other,Other
OSIM OS102-P UCOZY (PLUM) NECK & SHOULDER MASSAGER,171.0,0.0,0.0,0.0,OSIM,Other,Other
"PHILIPS TAS7505/00 BLUETOOTH SPEAKER (BLACK) IPX7, POWER-BANK FUNCTION",193.0,231.0,16.45,38.0,PHILIPS,Audio,speaker
OSIM OS2225 CHARIZARD UCOZY MOMI NECK & SHOULDER MASSAGER,199.0,0.0,0.0,0.0,OSIM,Other,Other
LOGITECH 910-006107 G303 SHROUD EDITION LIGHTSPEED WIRELESS GAMING MOUSE,219.0,0.0,0.0,0.0,LOGITECH,Gaming,gaming
APPLE WATCH SE GPS 44MM SILVER ALUMINIUM CASE WITH WINTER BLUE SPORT LOOP (2023),239.0,432.95,44.8,193.95,APPLE,Wearable,watch
ORAL-B D 701.535.6XC ROSE GOLD (9000) GENIUS 9000 ROSE GOLD RECHARGEABLE TOOTHBRUSH,249.0,356.0,30.06,107.0,ORAL-B,Other,Other
OSIM OS2211 ULUMBAR LOWER BACK MASSAGER - BUNDLE OF 2,249.0,398.0,37.44,149.0,OSIM,Other,Other
OSIM OS-2214 USQUEEZ ARM PORTABLE HAND MASSAGER - BLACK,269.0,299.0,10.03,30.0,OSIM,Other,Other
SHARP AIR PURIFIER WITH MOSQUITO CATCHER 23m² FP-JM30E -B (BLACK),288.0,329.0,12.46,41.0,SHARP,Small Appliance,air purifier
DOPPIO STUDY DESK WITH DRAWERS,288.0,598.0,51.84,310.0,DOPPIO,Furniture,desk
CALI FABRIC ACCENT CHAIR (CREAM),289.0,419.0,31.03,130.0,CALI,Furniture,chair
MICROSOFT 8XA-00035 SURFACE PRO SIGNATURE KEYBOARD POPPY RED,293.0,0.0,0.0,0.0,MICROSOFT,Accessories,keyboard
DENON DHTS316 SOUNDBAR WITH WIRELESS SUBWOOFER,299.0,699.0,57.22,400.0,DENON,Audio,soundbar
OSIM OS-2230 UCOZY V NECK AND SHOULDER MASSAGER,299.0,0.0,0.0,0.0,OSIM,Other,Other
SAMSUNG HW-C400/XS 2 CH. SOUNDBAR,302.0,0.0,0.0,0.0,SAMSUNG,Audio,soundbar
OSIM OS191 UNEK 2 NECK MASSAGER (DARK GRAY),302.0,0.0,0.0,0.0,OSIM,Other,Other
L3550 L3550 PRINT/SCAN/COPY,349.0,0.0,0.0,0.0,L3550,Other,Other
SAMARA FABRIC ACCENT CHAIR (GREY),349.0,499.0,30.06,150.0,SAMARA,Furniture,chair
RICADOR BEDSIDE TABLE,349.0,499.0,30.06,150.0,RICADOR,Furniture,table
OSIM OS260P UJOLLY (PURPLE) BACK MASSAGER,349.0,499.0,30.06,150.0,OSIM,Other,Other
OSIM OS1204 + OS1208 + OS1206 + OS1207 + OS1224 UGLOW SKINCARE SERIES SET OF 5,349.0,715.0,51.19,366.0,OSIM,Other,Other
EUROPACE AIR PURIFIER WITH IONIZER EPU3300T,379.0,504.0,24.8,125.0,EUROPACE,Small Appliance,air purifier
JBL BAR 2.1 DEEP BASS 2.1 SOUNDBAR W/ WIRELESS SUB 300W OF TOTAL SYSTEM POWER,399.0,619.0,35.54,220.0,JBL,Audio,soundbar
REMINGTON DINING TABLE,399.0,579.0,31.09,180.0,REMINGTON,Furniture,table
INDEX NEW ACTIVA SLIDING CABINET,399.0,579.0,31.09,180.0,INDEX,Other,Other
APPLE MWR23ZA/A MAGIC KEYBOARD FOR IPAD PRO 11-INCH (M4) - US ENGLISH - BLACK,449.0,0.0,0.0,0.0,APPLE,Tablet,ipad
EUROPACE ECH5141S OTIMMO TWIN MOTOR DELUXE HOOD  (90CM) (EXCLUDE INSTALLATION),457.0,0.0,0.0,0.0,EUROPACE,Kitchen Appliance,hood
TEFAL GC713D OPTI GRILL PLUS,463.0,0.0,0.0,0.0,TEFAL,Other,Other
PANASONIC NA127XB1WSG FRONT LOAD WASHER (7KG),465.0,629.0,26.07,164.0,PANASONIC,Washing Machine,washer
OSIM OS260G UJOLLY (GREY) BACK MASSAGER,504.0,0.0,0.0,0.0,OSIM,Other,Other
APPLE MAGIC KEYBOARD FOR IPAD PRO 12.9-INCH (5TH GEN) - BLACK - US ENGLISH,538.8,0.0,0.0,0.0,APPLE,Tablet,ipad
PANASONIC NA-128XB1WSG FRONT LOAD WASHER (8KG),555.0,659.0,15.78,104.0,PANASONIC,Washing Machine,washer
SAMSUNG WA80CG4545BDSP TOP LOAD WASHER -  VERSAILLES GRAY (8KG),555.0,0.0,0.0,0.0,SAMSUNG,Washing Machine,washer
HISENSE HS50E6N 50 IN UHD (E6N) 4K GOOGLE TV,599.0,799.0,25.03,200.0,HISENSE,TV,tv
JBL PARTYBOX 310 TRUE WIRELESS STEREO PORTABLE PARTY SPEAKER,655.0,717.0,8.65,62.0,JBL,Audio,speaker
WARNER DINING TABLE,699.0,999.0,30.03,300.0,WARNER,Furniture,table
WHIRLPOOL 71L PYROLYTIC OVEN WITH 10 MULTI-FUNCTIONS AKP3840PIXAUS (BLACK) - EXCLUDE INSTALLATION,706.0,915.0,22.84,209.0,WHIRLPOOL,Kitchen Appliance,oven
SAMSUNG SM-R920NZKAASA GALAXY WATCH5 PRO 45MM BT TITANIUM BLACK,712.0,0.0,0.0,0.0,SAMSUNG,Smartphone,galaxy
ELECTROLUX 310L 2 DOOR FRIDGE ULTIMATE TASTE 300 ETB3400K-H (TOP FREEZER),729.0,1489.0,51.04,760.0,ELECTROLUX,Refrigerator,fridge
ELECTROLUX ETB3400K-A 2 DR FRIDGE (310L),729.0,1489.0,51.04,760.0,ELECTROLUX,Refrigerator,fridge
APERFIELD EXTENDABLE DINING TABLE,799.0,1159.0,31.06,360.0,APERFIELD,Furniture,table
BRODIE DINING TABLE,799.0,1159.0,31.06,360.0,BRODIE,Furniture,table
TINECO PURE ONE STATION SMART CORDLESS STICK VACUUM CLEANER,859.0,1599.0,46.28,740.0,TINECO,Small Appliance,vacuum
HITACHI 407L 2 DOOR FRIDGE STYLISH LINE (DELUXE) R-VX480PMS9-BBK (BRILLIANT BLACK),989.0,1019.0,2.94,30.0,HITACHI,Refrigerator,fridge
HITACHI EPA9000 AIR PURIFIER AND HUMIDIFIER,999.0,1198.0,16.61,199.0,HITACHI,Small Appliance,humidifier
WHIRLPOOL 10.5KG TOP LOAD WASHING MACHINE WVTD1050AHG,1017.0,0.0,0.0,0.0,WHIRLPOOL,Washing Machine,washing machine
ASUS 16 IN R7-7730U 16GB RAM 512GB SSD,1099.0,1361.0,19.25,262.0,ASUS,Storage,ssd
EUROPACE EFW 9101Y FRONT LOAD WASHER (10KG),1109.0,1299.0,14.63,190.0,EUROPACE,Washing Machine,washer
HITACHI 407L 2 DOOR FRIDGE STYLISH LINE (DELUXE) R-VGX480PMS9-MIR (MIRROR),1119.0,1199.0,6.67,80.0,HITACHI,Refrigerator,fridge
EUROPACE ECH7111S OTIMMO GLASS CHIMNEY HOOD (EXCLUDE INSTALLATION),1119.0,0.0,0.0,0.0,EUROPACE,Kitchen Appliance,hood
BOSCH WTH83028SG HEAT PUMP DRYER,1200.0,2599.0,53.83,1399.0,BOSCH,Washing Machine,dryer
SAMSUNG CU7000 65 INCH 4K CRYSTAL UHD TV,1399.0,0.0,0.0,0.0,SAMSUNG,TV,tv
HISENSE HS75A6K 75IN A6K 4K UHD SMART TV,1399.0,2199.0,36.38,800.0,HISENSE,TV,tv
HISENSE HS75A6K 75IN A6K 4K UHD SMART TV,1399.0,2199.0,36.38,800.0,HISENSE,TV,tv
BOSCH 71L BUILT IN OVEN SERIES 4 HBS573BS0B (STAINLESS STEEL) - EXCLUDE INSTALLATION,1399.0,2899.0,51.74,1500.0,BOSCH,Kitchen Appliance,oven
OTIMMO BY EUROPACE PREMIUM T-SHAPES CHIMNEY HOOD ECH 9168Y (STAINLESS STEEL) - EXCLUDE INSTALLATION,1413.0,0.0,0.0,0.0,OTIMMO,Kitchen Appliance,hood
TOSHIBA 535L 2 DOOR FRIDGE GR-AG58SA(XK) (BLACK GLASS),1549.0,0.0,0.0,0.0,TOSHIBA,Refrigerator,fridge
SAMSUNG 9.5KG FRONT LOAD WASHING MACHINE QUICKDRIVE™ WW95T984DSH/SP (WHITE),1584.0,0.0,0.0,0.0,SAMSUNG,Washing Machine,washing machine
OSIM OS8215 (BLUE / ARGENTINA) UTHRONE V GAMING MASSAGE CHAIR,1614.0,0.0,0.0,0.0,OSIM,Gaming,gaming
SAMSUNG 10.5KG FRONT LOAD WASHING MACHINE QUICKDRIVE™ WW10T784DBX/SP (INOX),1634.0,0.0,0.0,0.0,SAMSUNG,Washing Machine,washing machine
SAMSUNG 528L 2 DOOR FRIDGE RT53K6657B1/SS TWIN COOLING PLUS™ (TOP MOUNT FREEZER),1685.0,0.0,0.0,0.0,SAMSUNG,Refrigerator,fridge
BOSCH KGN56CI41J 2-DR FRIDGE (NET 505L) BOTTOM FREEZER,1699.0,2299.0,26.1,600.0,BOSCH,Refrigerator,fridge
LG FRONT CONTROL SMART WIFI-ENABLED DISHWASHER QUADWASH™ & TRUESTEAM® DFB425FP (PLATNIUM SILVER) - EXCLUDE INSTALLATION,1731.0,2342.0,26.09,611.0,LG,Dishwasher,dishwasher
LG OLED42C3PSA.ATC 42 IN OLED EVO AI SMART TV,1799.0,2017.0,10.81,218.0,LG,TV,tv
ELECTROLUX 9KG ULTIMATE CARE 900 HEAT PUMP DRYER EDH903R9WB (WHITE),1799.0,2579.0,30.24,780.0,ELECTROLUX,Washing Machine,dryer
PHILIPS 55PUT8808/98 55 IN 4K UHD GOOGLE LED TV,1817.0,1944.0,6.53,127.0,PHILIPS,TV,tv
MITSUBISHI 362L 3 DOOR FRIDGE MR-CGX56EP-GBK-P (CLASSY BLACK),1829.0,1949.0,6.16,120.0,MITSUBISHI,Refrigerator,fridge
SAMSUNG 10.5KG/7KG FRONT LOAD WASHER DRYER COMBO QUICKDRIVE™ WD10T784DBX/SP (INOX),1836.0,0.0,0.0,0.0,SAMSUNG,Washing Machine,washer
BOSCH DWB98JQ50B CHIMNEY HOOD (90CM) (EXCLUDE INSTALLATION),1899.0,2999.0,36.68,1100.0,BOSCH,Kitchen Appliance,hood
BOSCH HBA5780S6B BUILT IN OVEN (71L) (EXCLUDE INSTALLATION),1899.0,3099.0,38.72,1200.0,BOSCH,Kitchen Appliance,oven
SANTE ROOM DIVIDER (WHITE),1899.0,2749.0,30.92,850.0,SANTE,Other,Other
MESTO POWER RECLINER Z/GRAVITY (FL) BROWN FULL LEATHER RECLINER,1899.0,3799.0,50.01,1900.0,MESTO,Other,Other
PHILIPS 55OLED789/98 65 4K OLED GOOGLE TV,1999.0,2699.0,25.94,700.0,PHILIPS,TV,tv
LG 65QNED75SRA.ATC 65 IN QNED75 4K SMART TV,1999.0,2219.0,9.91,220.0,LG,TV,tv
WHIRLPOOL 5WQ24NIJAS 4 DR FRIDGE (591L),1999.0,2399.0,16.67,400.0,WHIRLPOOL,Refrigerator,fridge
OSIM OS8210-BR UDELUXE MAX (BROWN) MASSAGE CHAIR,1999.0,4499.0,55.57,2500.0,OSIM,Furniture,chair
HISENSE 55 INCH 4K OLED TV HS55A85H,2099.0,0.0,0.0,0.0,HISENSE,TV,tv
SAMSUNG 12KG/8KG FRONT LOAD WASHER DRYER COMBO QUICKDRIVE™ WD12TP44DSX/SP (GRAY),2189.0,0.0,0.0,0.0,SAMSUNG,Washing Machine,washer
COPERTINO FABRIC 3 SEATER SOFA BED,2199.0,4399.0,50.01,2200.0,COPERTINO,Furniture,sofa
PHILIPS 55OLED708/98 55 IN 4K OLED GOOGLE TV WITH 3-SIDED AMBILIGHT,2229.0,2364.0,5.71,135.0,PHILIPS,TV,tv
LG 464L FRENCH DOOR FRIDGE GF-B4533PZ (PLATINUM SILVER),2321.0,3017.0,23.07,696.0,LG,Refrigerator,fridge
SAMSUNG 617L 2 DOOR SIDE BY SIDE FRIDGE RS64R5304B4 SPACEMAX™,2503.0,2603.0,3.84,100.0,SAMSUNG,Refrigerator,fridge
SONY KD-65X80L 65 IN 4K HDR GOOGLE TV DVBT2,2523.0,0.0,0.0,0.0,SONY,TV,tv
OSIM OS856 UDIVA CLASSIC MASSAGE SOFA GREY,2623.0,0.0,0.0,0.0,OSIM,Furniture,sofa
OSIM OS-8211P UDIVA 3 PLUS SMART SOFA IVORY + UDIVA 3 CUSHION COVER GLEN PLAID,2699.0,3699.0,27.03,1000.0,OSIM,Furniture,sofa
OSIM OS-8211P UDIVA 3 PLUS SMART SOFA IVORY + UDIVA 3 CUSHION COVER TARTAN,2699.0,3699.0,27.03,1000.0,OSIM,Furniture,sofa
OSIM OS-8211P UDIVA 3 PLUS SMART SOFA IVORY + UDIVA 3 CUSHION COVER FAUX FUR,2699.0,3699.0,27.03,1000.0,OSIM,Furniture,sofa
SAMSUNG 617L SIDE BY SIDE FRIDGE RS64R5306M9/SS SPACEMAX™,2704.0,0.0,0.0,0.0,SAMSUNG,Refrigerator,fridge
HISENSE 65 INCH 4K ULED SMART TV HS65U7K,2999.0,3799.0,21.06,800.0,HISENSE,TV,tv
SAMSUNG QA55QN87DAKXXS 55 IN NEO QLED QUANTUM MINI LED SMART TV,3099.0,3499.0,11.43,400.0,SAMSUNG,TV,tv
BOSCH HIJ557YS0M BUILT IN OVEN (66L) EXCLUDE INSTALLATION,3099.0,3299.0,6.06,200.0,BOSCH,Kitchen Appliance,oven
PHILIPS 65OLED789/98 65IN 4K GOOGLE OLED TV WITH AMBILIGHT,3299.0,0.0,0.0,0.0,PHILIPS,TV,tv
LG OLED65A3PSA.ATC 65 IN OLED AI SMART TV,3349.0,4440.0,24.57,1091.0,LG,TV,tv
SAMSUNG RF59C7662B1/SS FRENCH DOOR FRIDGE (550L NET) - BLACK DOI,3532.0,0.0,0.0,0.0,SAMSUNG,Refrigerator,fridge
LG OLED65B3PSA.ATC 65 IN OLED AI SMART TV,3599.0,4742.0,24.1,1143.0,LG,TV,tv
OSIM OS-8211 uDiva 3 Smart Sofa (Mocha),3734.0,0.0,0.0,0.0,OSIM,Furniture,sofa
VIVIANA 3RR SEATER Z/GRAVITY (FL) ORG FULL LEATHER INCLINER SOFA,3799.0,5499.0,30.91,1700.0,VIVIANA,Furniture,sofa
SONY KD-75X80L 75 IN 4K HDR GOOGLE TV DVBT2,4037.0,0.0,0.0,0.0,SONY,TV,tv
LG 86UQ9000PSD.ATC 86 IN 4K UHD TV LG THINQ AI,4074.0,0.0,0.0,0.0,LG,TV,tv
SONY XR-65A80L 65IN BRAVIA XR 4K HDR OLED GOOGLE TV A80L SERIES,4299.0,6055.0,29.0,1756.0,SONY,TV,tv
LG OLED65C3PSA.ATC 65 IN OLED EVO AI SMART TV,4299.0,5550.0,22.54,1251.0,LG,TV,tv
SAMSUNG QA65QN90DAKXXS 65 IN NEO QLED QUANTUM MINI LED SMART TV,4799.0,5399.0,11.11,600.0,SAMSUNG,TV,tv
SAMSUNG S95C 55 INCH 4K QUANTUM DOT OLED TV,4999.0,0.0,0.0,0.0,SAMSUNG,TV,tv
PHILIPS 85PUS8808/12 85 IN 4K UHD GOOGLE LED TV,5047.0,5094.0,0.92,47.0,PHILIPS,TV,tv
LG GF-Q5143GE FRENCH DOOR FRIDGE (NET 527L),5147.0,6459.0,20.31,1312.0,LG,Refrigerator,fridge
PANASONIC NRF654GTX6 6 DR FRIDGE (644L),5229.0,5999.0,12.84,770.0,PANASONIC,Refrigerator,fridge
SAMSUNG S90C 65 INCH 4K QUANTUM DOT OLED TV,5799.0,0.0,0.0,0.0,SAMSUNG,TV,tv
SAMSUNG QN85C 75 INCH 4K NEO QLED TV,6256.0,7299.0,14.29,1043.0,SAMSUNG,TV,tv
OSIM OS8218 ULOVE 3 WELL-BEING CHAIR (BLACK),6999.0,8999.0,22.22,2000.0,OSIM,Furniture,chair
SAMSUNG QA85QN90DAKXXS 85 IN NEO QLED QUANTUM MINI LED SMART TV,10499.0,11899.0,11.77,1400.0,SAMSUNG,TV,tv
SAMSUNG QA75QN900DKXXS 75 IN NEO QLED 8K QUANTUM MINI LED SMART TV,13999.0,15799.0,11.39,1800.0,SAMSUNG,TV,tv
